SET SQL_MODE="NO_AUTO_VALUE_ON_ZERO";
SET time_zone = "+00:00";

/*!40101 SET @OLD_CHARACTER_SET_CLIENT=@@CHARACTER_SET_CLIENT */;
/*!40101 SET @OLD_CHARACTER_SET_RESULTS=@@CHARACTER_SET_RESULTS */;
/*!40101 SET @OLD_COLLATION_CONNECTION=@@COLLATION_CONNECTION */;
/*!40101 SET NAMES utf8 */;


DROP TABLE IF EXISTS `cartao`;
CREATE TABLE IF NOT EXISTS `cartao` (
  `minutos` int(10) unsigned NOT NULL,
  `tipo` int(10) unsigned NOT NULL,
  `partida_id` int(10) unsigned NOT NULL,
  `jogador_id` int(10) unsigned NOT NULL,
  PRIMARY KEY (`minutos`,`partida_id`) USING BTREE,
  KEY `cartao_partida_fk_constraint` (`partida_id`),
  KEY `cartao_jogador_fk_constraint` (`jogador_id`)
) ENGINE=InnoDB DEFAULT CHARSET=utf8;
DROP TRIGGER IF EXISTS `atualiza_cartoes_jogador`;
DELIMITER //
CREATE TRIGGER `atualiza_cartoes_jogador` AFTER INSERT ON `cartao`
 FOR EACH ROW BEGIN
    IF NEW.tipo = 0 THEN
      UPDATE jogador SET cartoes_amarelos = cartoes_amarelos+1 WHERE id = NEW.jogador_id;
    ELSE
      UPDATE jogador SET cartoes_vermelhos = cartoes_vermelhos+1 WHERE id = NEW.jogador_id;
    END IF;
  END
//
DELIMITER ;

DROP TABLE IF EXISTS `estadio`;
CREATE TABLE IF NOT EXISTS `estadio` (
  `id` int(10) unsigned NOT NULL AUTO_INCREMENT,
  `nome` varchar(255) NOT NULL,
  PRIMARY KEY (`id`),
  UNIQUE KEY `nome` (`nome`)
) ENGINE=InnoDB  DEFAULT CHARSET=utf8 AUTO_INCREMENT=31 ;

INSERT INTO `estadio` (`id`, `nome`) VALUES
(29, 'A definir'),
(5, 'Antônio Accioly'),
(15, 'Arena da Baixada'),
(8, 'Arena do Jacaré'),
(13, 'Beira Rio'),
(23, 'Benedito Teixeira'),
(27, 'Canindé'),
(21, 'Claudio Moacyr de Azevedo'),
(4, 'Couto Pereira'),
(14, 'Engenhão'),
(30, 'Ennio Tardini'),
(25, 'Fonte Luminosa'),
(7, 'Gávea'),
(1, 'Independência'),
(18, 'Itumbiara'),
(19, 'Laranjeira'),
(28, 'Morenão'),
(20, 'Morumbi'),
(16, 'Olímpico Monumental'),
(3, 'Orlando Scarpelli'),
(11, 'Pacaembu'),
(17, 'Parque São Jorge'),
(2, 'Pituaçu'),
(22, 'Presidente Vargas-CE'),
(6, 'Ressacada'),
(24, 'São Januário'),
(26, 'Serra Dourada'),
(12, 'Vila Belmiro'),
(9, 'Vovozão');

DROP TABLE IF EXISTS `falta`;
CREATE TABLE IF NOT EXISTS `falta` (
  `minutos` int(10) unsigned NOT NULL,
  `jogador_id` int(10) unsigned NOT NULL,
  `partida_id` int(10) unsigned NOT NULL DEFAULT '1',
  PRIMARY KEY (`minutos`,`partida_id`) USING BTREE,
  KEY `jogador_fk_constraint` (`jogador_id`),
  KEY `partida_id_fk_constraint` (`partida_id`)
) ENGINE=InnoDB DEFAULT CHARSET=utf8;
DROP TRIGGER IF EXISTS `atualiza_falta_jogador`;
DELIMITER //
CREATE TRIGGER `atualiza_falta_jogador` AFTER INSERT ON `falta`
 FOR EACH ROW BEGIN
      UPDATE jogador SET total_faltas = total_faltas+1 WHERE id = NEW.jogador_id;
  END
//
DELIMITER ;

DROP TABLE IF EXISTS `gol`;
CREATE TABLE IF NOT EXISTS `gol` (
  `minutos` int(10) unsigned NOT NULL,
  `tipo` int(10) unsigned NOT NULL,
  `partida_id` int(10) unsigned NOT NULL,
  `jogador_id` int(10) unsigned NOT NULL,
  PRIMARY KEY (`minutos`,`partida_id`) USING BTREE,
  KEY `gol_partida_fk_constraint` (`partida_id`),
  KEY `gol_jogador_fk_constraint` (`jogador_id`)
) ENGINE=InnoDB DEFAULT CHARSET=utf8;

INSERT INTO `gol` (`minutos`, `tipo`, `partida_id`, `jogador_id`) VALUES
(52, 1, 12, 12);
DROP TRIGGER IF EXISTS `atualiza_numero_gols_jogador`;
DELIMITER //
CREATE TRIGGER `atualiza_numero_gols_jogador` AFTER INSERT ON `gol`
 FOR EACH ROW BEGIN
    IF NEW.tipo = 0 THEN
      UPDATE jogador SET gols = gols+1 WHERE id = NEW.jogador_id;
    ELSE
      UPDATE jogador SET gols_contra = gols_contra+1 WHERE id = NEW.jogador_id;
    END IF;
  END
//
DELIMITER ;

DROP TABLE IF EXISTS `jogador`;
CREATE TABLE IF NOT EXISTS `jogador` (
  `id` int(10) unsigned NOT NULL AUTO_INCREMENT,
  `nome` varchar(80) NOT NULL,
  `data_nascimento` date NOT NULL,
  `posicao` varchar(20) NOT NULL,
  `time_id` int(10) unsigned NOT NULL,
  `cartoes_amarelos` int(10) unsigned NOT NULL DEFAULT '0',
  `cartoes_vermelhos` int(10) unsigned NOT NULL DEFAULT '0',
  `total_faltas` int(10) unsigned NOT NULL DEFAULT '0',
  `gols` int(10) unsigned NOT NULL DEFAULT '0',
  `gols_contra` int(10) unsigned NOT NULL DEFAULT '0',
  PRIMARY KEY (`id`),
  KEY `jogador_time_fk_constraint` (`time_id`)
) ENGINE=InnoDB  DEFAULT CHARSET=utf8 AUTO_INCREMENT=645 ;

INSERT INTO `jogador` (`id`, `nome`, `data_nascimento`, `posicao`, `time_id`, `cartoes_amarelos`, `cartoes_vermelhos`, `total_faltas`, `gols`, `gols_contra`) VALUES
(1, 'Flávio', '1970-12-17', 'Goleiro', 20, 0, 0, 0, 0, 0),
(2, 'Neneca', '1980-09-11', 'Goleiro', 20, 0, 0, 0, 0, 0),
(3, 'Glaycon', '1988-09-07', 'Goleiro', 20, 0, 0, 0, 0, 0),
(4, 'Matheus', '1992-07-19', 'Goleiro', 20, 0, 0, 0, 0, 0),
(5, 'Preto', '1978-12-18', 'Zagueiro', 20, 0, 0, 0, 0, 0),
(6, 'Anderson', '1980-04-27', 'Zagueiro', 20, 0, 0, 0, 0, 0),
(7, 'Gabriel', '1983-03-05', 'Zagueiro', 20, 0, 0, 0, 0, 0),
(8, 'Carleto', '1989-03-24', 'Lateral-esquerdo', 20, 0, 0, 0, 0, 0),
(9, 'Marcos Rocha', '1988-12-11', 'Lateral-direito', 20, 0, 0, 0, 0, 0),
(10, 'Éverton Luiz', '1983-07-21', 'Zagueiro', 20, 0, 0, 0, 0, 0),
(11, 'Sheslon', '1987-01-04', 'Lateral-direito', 20, 0, 0, 0, 0, 0),
(12, 'Micão', '1980-02-07', 'Zagueiro', 20, 0, 0, 0, 0, 1),
(13, 'Otávio', '1990-10-10', 'Zagueiro', 20, 0, 0, 0, 0, 0),
(14, 'Willian Rocha', '1989-04-01', 'Zagueiro', 20, 0, 0, 0, 0, 0),
(15, 'Gilson', '1986-06-14', 'Lateral-esquerdo', 20, 0, 0, 0, 0, 0),
(16, 'Lula', '1992-02-18', 'Zagueiro', 20, 0, 0, 0, 0, 0),
(17, 'Irênio', '1975-05-27', 'Meia', 20, 0, 0, 0, 0, 0),
(18, 'Fabrício', '1980-01-04', 'Meia', 20, 0, 0, 0, 0, 0),
(19, 'Gláuber', '1983-01-26', 'Volante', 20, 0, 0, 0, 0, 0),
(20, 'Amaral', '1983-11-24', 'Volante', 20, 0, 0, 0, 0, 0),
(21, 'Dudu', '1982-02-10', 'Volante', 20, 0, 0, 0, 0, 0),
(22, 'Leandro Ferreira', '1981-01-30', 'Volante', 20, 0, 0, 0, 0, 0),
(23, 'Luciano', '1985-01-14', 'Meia', 20, 0, 0, 0, 0, 0),
(24, 'Rodriguinho', '1988-03-27', 'Meia', 20, 0, 0, 0, 0, 0),
(25, 'Ulisses', '1989-03-25', 'Meia-atacante', 20, 0, 0, 0, 0, 0),
(26, 'China', '1992-08-29', 'Volante', 20, 0, 0, 0, 0, 0),
(27, 'Caleb', '1992-11-09', 'Meia', 20, 0, 0, 0, 0, 0),
(28, 'Fábio Júnior', '1977-11-20', 'Atacante', 20, 0, 0, 0, 0, 0),
(29, 'Alessandro', '1982-03-02', 'Atacante', 20, 0, 0, 0, 0, 0),
(30, 'André Dias', '1981-03-11', 'Atacante', 20, 0, 0, 0, 0, 0),
(31, 'Kempes', '1982-08-03', 'Atacante', 20, 0, 0, 0, 0, 0),
(32, 'Lovinho', '1989-01-09', 'Atacante', 20, 0, 0, 0, 0, 0),
(33, 'Léo', '1990-06-13', 'Atacante', 20, 0, 0, 0, 0, 0),
(34, 'Márcio', '1981-01-24', 'Goleiro', 11, 0, 0, 0, 0, 0),
(35, 'Rafael', '1984-03-24', 'Goleiro', 11, 0, 0, 0, 0, 0),
(36, 'Roberto', '1990-01-29', 'Goleiro', 11, 0, 0, 0, 0, 0),
(37, 'David', '1992-01-29', 'Goleiro', 11, 0, 0, 0, 0, 0),
(38, 'Leonardo', '1986-03-09', 'Zagueiro', 11, 0, 0, 0, 0, 0),
(39, 'Gilson', '1979-11-29', 'Zagueiro', 11, 0, 0, 0, 0, 0),
(40, 'Thiago Feltri', '1985-05-18', 'Lateral-esquerdo', 11, 0, 0, 0, 0, 0),
(41, 'Paulo Henrique Rodrigues', '1983-03-27', 'Zagueiro', 11, 0, 0, 0, 0, 0),
(42, 'Adriano', '1987-12-09', 'Lateral-direito', 11, 0, 0, 0, 0, 0),
(43, 'Rafael Cruz', '1985-01-18', 'Lateral-direito', 11, 0, 0, 0, 0, 0),
(44, 'Anderson', '1982-08-26', 'Zagueiro', 11, 0, 0, 0, 0, 0),
(45, 'Bernardo', '1989-08-26', 'Zagueiro', 11, 0, 0, 0, 0, 0),
(46, 'Pituca', '1978-10-08', 'Volante', 11, 0, 0, 0, 0, 0),
(47, 'Anaílson', '1978-03-08', 'Meia', 11, 0, 0, 0, 0, 0),
(48, 'Adriano Pimenta', '1982-11-14', 'Meia-atacante', 11, 0, 0, 0, 0, 0),
(49, 'Joilson', '1979-07-07', 'Meia', 11, 0, 0, 0, 0, 0),
(50, 'Thiaguinho', '1984-05-12', 'Meia', 11, 0, 0, 0, 0, 0),
(51, 'Bida', '1984-08-02', 'Meia', 11, 0, 0, 0, 0, 0),
(52, 'Agenor', '1981-08-07', 'Volante', 11, 0, 0, 0, 0, 0),
(53, 'Vítor Júnior', '1986-09-15', 'Meia', 11, 0, 0, 0, 0, 0),
(54, 'Ernandes', '1987-11-11', 'Volante', 11, 0, 0, 0, 0, 0),
(55, 'Renato Augusto', '1990-07-07', 'Volante', 11, 0, 0, 0, 0, 0),
(56, 'Marino', '1986-02-18', 'Volante', 11, 0, 0, 0, 0, 0),
(57, 'Felipe Brisola', '1990-06-06', 'Meia', 11, 0, 0, 0, 0, 0),
(58, 'Dodó', '1987-06-20', 'Volante', 11, 0, 0, 0, 0, 0),
(59, 'Anselmo', '1980-10-24', 'Atacante', 11, 0, 0, 0, 0, 0),
(60, 'Felipe', '1978-04-17', 'Atacante', 11, 0, 0, 0, 0, 0),
(61, 'Juninho', '1985-04-05', 'Atacante', 11, 0, 0, 0, 0, 0),
(62, 'Marcão', '1985-09-25', 'Atacante', 11, 0, 0, 0, 0, 0),
(63, 'Diogo Campos', '1990-12-31', 'Atacante', 11, 0, 0, 0, 0, 0),
(64, 'Welthon', '1992-06-21', 'Atacante', 11, 0, 0, 0, 0, 0),
(65, 'Renan Ribeiro', '1990-03-23', 'Goleiro', 16, 0, 0, 0, 0, 0),
(66, 'Giovanni', '1987-05-02', 'Goleiro', 16, 0, 0, 0, 0, 0),
(67, 'Lee', '1988-03-09', 'Goleiro', 16, 0, 0, 0, 0, 0),
(68, 'Paulo Victor', '1992-04-21', 'Goleiro', 16, 0, 0, 0, 0, 0),
(69, 'Leandro', '1979-04-19', 'Lateral-esquerdo', 16, 0, 0, 0, 0, 0),
(70, 'Triguinho', '1979-02-25', 'Lateral-esquerdo', 16, 0, 0, 0, 0, 0),
(71, 'Leonardo Silva', '1979-06-22', 'Zagueiro', 16, 0, 0, 0, 0, 0),
(72, 'Réver', '1985-01-04', 'Zagueiro', 16, 0, 0, 0, 0, 0),
(73, 'Lima', '1985-02-10', 'Zagueiro', 16, 0, 0, 0, 0, 0),
(74, 'Guilherme Santos', '1989-02-04', 'Lateral-esquerdo', 16, 0, 0, 0, 0, 0),
(75, 'Werley', '1988-09-05', 'Zagueiro', 16, 0, 0, 0, 0, 0),
(76, 'Luiz Eduardo', '1987-03-21', 'Zagueiro', 16, 0, 0, 0, 0, 0),
(77, 'Eron', '1992-01-17', 'Lateral-esquerdo', 16, 0, 0, 0, 0, 0),
(78, 'Dudu Cearense', '1983-04-15', 'Volante', 16, 0, 0, 0, 0, 0),
(79, 'Mancini', '1980-08-01', 'Meia-atacante', 16, 0, 0, 0, 0, 0),
(80, 'Daniel Carvalho', '1983-03-01', 'Meia-atacante', 16, 0, 0, 0, 0, 0),
(81, 'Toró', '1986-04-13', 'Volante', 16, 0, 0, 0, 0, 0),
(82, 'Pierre', '1982-01-19', 'Volante', 16, 0, 0, 0, 0, 0),
(83, 'Richarlyson', '1982-12-27', 'Volante', 16, 0, 0, 0, 0, 0),
(84, 'Serginho', '1986-08-04', 'Volante', 16, 0, 0, 0, 0, 0),
(85, 'Renan Oliveira', '1989-12-29', 'Meia-atacante', 16, 0, 0, 0, 0, 0),
(86, 'Wendel', '1991-08-31', 'Meia', 16, 0, 0, 0, 0, 0),
(87, 'Jackson', '1987-05-21', 'Meia', 16, 0, 0, 0, 0, 0),
(88, 'Fillipe Soutto', '1991-02-11', 'Volante', 16, 0, 0, 0, 0, 0),
(89, 'Bernard', '1992-09-08', 'Meia', 16, 0, 0, 0, 0, 0),
(90, 'Gilberto', '1988-10-20', 'Volante', 16, 0, 0, 0, 0, 0),
(91, 'Magno Alves', '1976-01-13', 'Atacante', 16, 0, 0, 0, 0, 0),
(92, 'Marquinhos Cambalhota', '1976-03-23', 'Atacante', 16, 0, 0, 0, 0, 0),
(93, 'Guilherme', '1988-10-22', 'Atacante', 16, 0, 0, 0, 0, 0),
(94, 'Wesley', '1981-11-10', 'Atacante', 16, 0, 0, 0, 0, 0),
(95, 'André', '1990-09-27', 'Atacante', 16, 0, 0, 0, 0, 0),
(96, 'Neto Berola', '1987-11-18', 'Atacante', 16, 0, 0, 0, 0, 0),
(97, 'Jheimy', '1988-08-06', 'Atacante', 16, 0, 0, 0, 0, 0),
(98, 'Jônatas Obina', '1985-12-18', 'Atacante', 16, 0, 0, 0, 0, 0),
(99, 'Márcio', '1981-12-20', 'Goleiro', 18, 0, 0, 0, 0, 0),
(100, 'Renan Rocha', '1987-03-23', 'Goleiro', 18, 0, 0, 0, 0, 0),
(101, 'Santos', '1990-03-17', 'Goleiro', 18, 0, 0, 0, 0, 0),
(102, 'Rafael Santos', '1984-01-10', 'Zagueiro', 18, 0, 0, 0, 0, 0),
(103, 'Edilson', '1986-07-27', 'Lateral-direito', 18, 0, 0, 0, 0, 0),
(104, 'Wagner Diniz', '1983-09-21', 'Lateral-direito', 18, 0, 0, 0, 0, 0),
(105, 'Marcelo Oliveira', '1987-03-29', 'Lateral-esquerdo', 18, 0, 0, 0, 0, 0),
(106, 'Gustavo', '1984-03-09', 'Zagueiro', 18, 0, 0, 0, 0, 0),
(107, 'Fabrício', '1990-02-20', 'Zagueiro', 18, 0, 0, 0, 0, 0),
(108, 'Manoel', '1990-02-26', 'Zagueiro', 18, 0, 0, 0, 0, 0),
(109, 'Bruno Costa', '1990-02-06', 'Zagueiro', 18, 0, 0, 0, 0, 0),
(110, 'Heracles', '1992-09-18', 'Lateral-esquerdo', 18, 0, 0, 0, 0, 0),
(111, 'Paulinho', '1984-10-15', 'Lateral-esquerdo', 18, 0, 0, 0, 0, 0),
(112, 'Kléberson', '1979-06-19', 'Meia', 18, 0, 0, 0, 0, 0),
(113, 'Marcinho', '1981-03-20', 'Meia-atacante', 18, 0, 0, 0, 0, 0),
(114, 'Paulo Baier', '1974-10-25', 'Meia', 18, 0, 0, 0, 0, 0),
(115, 'Cleber Santana', '1981-06-27', 'Meia-atacante', 18, 0, 0, 0, 0, 0),
(116, 'Wendel', '1981-10-08', 'Volante', 18, 0, 0, 0, 0, 0),
(117, 'Madson', '1986-05-21', 'Meia', 18, 0, 0, 0, 0, 0),
(118, 'Branquinho', '1983-01-02', 'Meia-atacante', 18, 0, 0, 0, 0, 0),
(119, 'Fransérgio', '1990-10-18', 'Volante', 18, 0, 0, 0, 0, 0),
(120, 'Deivid', '1989-01-18', 'Volante', 18, 0, 0, 0, 0, 0),
(121, 'Paulo Roberto', '1987-03-06', 'Volante', 18, 0, 0, 0, 0, 0),
(122, 'Victor Sandes', '0000-00-00', 'Meia', 18, 0, 0, 0, 0, 0),
(123, 'Rodriguinho', '1983-02-02', 'Atacante', 18, 0, 0, 0, 0, 0),
(124, 'Nieto', '1983-08-25', 'Atacante', 18, 0, 0, 0, 0, 0),
(125, 'Adaílton', '1990-12-06', 'Atacante', 18, 0, 0, 0, 0, 0),
(126, 'Guerrón', '1985-04-28', 'Atacante', 18, 0, 0, 0, 0, 0),
(127, 'Itamar', '1980-04-12', 'Atacante', 18, 0, 0, 0, 0, 0),
(128, 'Pablo', '1992-06-23', 'Atacante', 18, 0, 0, 0, 0, 0),
(129, 'Santiago Garcia', '1990-09-14', 'Atacante', 18, 0, 0, 0, 0, 0),
(130, 'Edigar', '1991-05-06', 'Atacante', 18, 0, 0, 0, 0, 0),
(131, 'Fernando Silva', '1982-01-20', 'Goleiro', 19, 0, 0, 0, 0, 0),
(132, 'Rafael Santos', '1989-03-14', 'Goleiro', 19, 0, 0, 0, 0, 0),
(133, 'Aleks', '1991-02-20', 'Goleiro', 19, 0, 0, 0, 0, 0),
(134, 'Cláudio Caçapa', '1976-05-25', 'Zagueiro', 19, 0, 0, 0, 0, 0),
(135, 'Cássio', '1986-07-08', 'Zagueiro', 19, 0, 0, 0, 0, 0),
(136, 'Gian', '1982-09-19', 'Zagueiro', 19, 0, 0, 0, 0, 0),
(137, 'Daniel', '1990-09-14', 'Lateral-direito', 19, 0, 0, 0, 0, 0),
(138, 'Thiago Sales', '1987-05-07', 'Zagueiro', 19, 0, 0, 0, 0, 0),
(139, 'Romano', '1987-11-10', 'Lateral-esquerdo', 19, 0, 0, 0, 0, 0),
(140, 'Dirceu', '1988-01-05', 'Zagueiro', 19, 0, 0, 0, 0, 0),
(141, 'Pará', '1987-09-19', 'Lateral-esquerdo', 19, 0, 0, 0, 0, 0),
(142, 'Welton Felipe', '1986-06-15', 'Zagueiro', 19, 0, 0, 0, 0, 0),
(143, 'Fernandinho', '1985-08-31', 'Lateral-esquerdo', 19, 0, 0, 0, 0, 0),
(144, 'Gustavo', '1987-01-24', 'Lateral-direito', 19, 0, 0, 0, 0, 0),
(145, 'Gustavo Bastos', '1983-07-15', 'Zagueiro', 19, 0, 0, 0, 0, 0),
(146, 'Arlan', '1986-11-05', 'Lateral-direito', 19, 0, 0, 0, 0, 0),
(147, 'Lincoln', '1979-01-22', 'Meia', 19, 0, 0, 0, 0, 0),
(148, 'Dinelson', '1986-02-04', 'Meia', 19, 0, 0, 0, 0, 0),
(149, 'Fabiano', '1978-04-06', 'Meia', 19, 0, 0, 0, 0, 0),
(150, 'Leandrinho', '1987-12-19', 'Meia-atacante', 19, 0, 0, 0, 0, 0),
(151, 'Cleverson', '1983-12-17', 'Meia-atacante', 19, 0, 0, 0, 0, 0),
(152, 'Pedro Ken', '1987-03-20', 'Meia', 19, 0, 0, 0, 0, 0),
(153, 'Diogo Orlando', '1983-12-04', 'Volante', 19, 0, 0, 0, 0, 0),
(154, 'Batista', '1979-07-12', 'Volante', 19, 0, 0, 0, 0, 0),
(155, 'Caíque', '1987-01-10', 'Meia-atacante', 19, 0, 0, 0, 0, 0),
(156, 'Robinho', '1987-11-10', 'Meia-atacante', 19, 0, 0, 0, 0, 0),
(157, 'Bruno', '1986-08-03', 'Volante', 19, 0, 0, 0, 0, 0),
(158, 'Acleisson', '1982-05-21', 'Volante', 19, 0, 0, 0, 0, 0),
(159, 'Marcos Paulo', '1990-02-04', 'Volante', 19, 0, 0, 0, 0, 0),
(160, 'Junior Urso', '1989-03-10', 'Volante', 19, 0, 0, 0, 0, 0),
(161, 'Estrada', '1983-01-27', 'Meia', 19, 0, 0, 0, 0, 0),
(162, 'William', '1983-05-14', 'Atacante', 19, 0, 0, 0, 0, 0),
(163, 'Evando', '1977-03-07', 'Atacante', 19, 0, 0, 0, 0, 0),
(164, 'Felipe', '1986-04-05', 'Atacante', 19, 0, 0, 0, 0, 0),
(165, 'Rafael Coelho', '1988-05-20', 'Atacante', 19, 0, 0, 0, 0, 0),
(166, 'Anderson Lessa', '1989-07-26', 'Atacante', 19, 0, 0, 0, 0, 0),
(167, 'Laércio', '1990-03-03', 'Atacante', 19, 0, 0, 0, 0, 0),
(168, 'Cristian', '1990-08-07', 'Atacante', 19, 0, 0, 0, 0, 0),
(169, 'Maurício Alves', '1990-01-02', 'Atacante', 19, 0, 0, 0, 0, 0),
(170, 'Dieguinho', '1992-06-07', 'Atacante', 19, 0, 0, 0, 0, 0),
(171, 'Marcelo Lomba', '1986-12-18', 'Goleiro', 17, 0, 0, 0, 0, 0),
(172, 'Omar', '1989-08-22', 'Goleiro', 17, 0, 0, 0, 0, 0),
(173, 'Jair', '1980-03-29', 'Goleiro', 17, 0, 0, 0, 0, 0),
(174, 'Jancarlos', '1983-08-15', 'Lateral-direito', 17, 0, 0, 0, 0, 0),
(175, 'Titi', '1988-03-12', 'Zagueiro', 17, 0, 0, 0, 0, 0),
(176, 'Nen', '1978-03-08', 'Zagueiro', 17, 0, 0, 0, 0, 0),
(177, 'Thiego', '1986-07-22', 'Zagueiro', 17, 0, 0, 0, 0, 0),
(178, 'Danny Morais', '1985-06-29', 'Zagueiro', 17, 0, 0, 0, 0, 0),
(179, 'Ávine', '1988-02-21', 'Lateral-esquerdo', 17, 0, 0, 0, 0, 0),
(180, 'Paulo Miranda', '1988-08-16', 'Zagueiro', 17, 0, 0, 0, 0, 0),
(181, 'Marcos', '1989-07-24', 'Lateral-direito', 17, 0, 0, 0, 0, 0),
(182, 'Dodô', '1992-02-06', 'Lateral-esquerdo', 17, 0, 0, 0, 0, 0),
(183, 'Diego Jussani', '1987-09-07', 'Zagueiro', 17, 0, 0, 0, 0, 0),
(184, 'Ricardinho', '1976-05-23', 'Meia', 17, 0, 0, 0, 0, 0),
(185, 'Carlos Alberto', '1984-12-11', 'Meia', 17, 0, 0, 0, 0, 0),
(186, 'Fabinho', '1980-01-10', 'Volante', 17, 0, 0, 0, 0, 0),
(187, 'Lulinha', '1990-04-10', 'Meia-atacante', 17, 0, 0, 0, 0, 0),
(188, 'Marcone', '1987-09-12', 'Volante', 17, 0, 0, 0, 0, 0),
(189, 'Fahel', '1981-08-15', 'Volante', 17, 0, 0, 0, 0, 0),
(190, 'Hélder', '1984-06-20', 'Volante', 17, 0, 0, 0, 0, 0),
(191, 'Zezinho', '1992-03-14', 'Meia', 17, 0, 0, 0, 0, 0),
(192, 'Magno', '1988-05-20', 'Meia', 17, 0, 0, 0, 0, 0),
(193, 'Guilherme Camacho', '1990-03-02', 'Meia', 17, 0, 0, 0, 0, 0),
(194, 'Maurício', '1990-05-30', 'Meia', 17, 0, 0, 0, 0, 0),
(195, 'Nikão', '1992-07-29', 'Meia', 17, 0, 0, 0, 0, 0),
(196, 'Lenine', '1991-04-15', 'Volante', 17, 0, 0, 0, 0, 0),
(197, 'Maranhão', '1990-05-03', 'Meia', 17, 0, 0, 0, 0, 0),
(198, 'Diones', '1985-06-21', 'Volante', 17, 0, 0, 0, 0, 0),
(199, 'Reinaldo', '1979-03-14', 'Atacante', 17, 0, 0, 0, 0, 0),
(200, 'Souza', '1982-03-04', 'Atacante', 17, 0, 0, 0, 0, 0),
(201, 'Junior', '1976-06-15', 'Atacante', 17, 0, 0, 0, 0, 0),
(202, 'Reis', '1988-07-14', 'Atacante', 17, 0, 0, 0, 0, 0),
(203, 'Jones', '1988-10-14', 'Atacante', 17, 0, 0, 0, 0, 0),
(204, 'Gabriel', '1990-01-06', 'Atacante', 17, 0, 0, 0, 0, 0),
(205, 'Rafael', '1992-07-13', 'Atacante', 17, 0, 0, 0, 0, 0),
(206, 'Jefferson', '1983-01-02', 'Goleiro', 4, 0, 0, 0, 0, 0),
(207, 'Renan', '1989-05-18', 'Goleiro', 4, 0, 0, 0, 0, 0),
(208, 'Luis Guilherme', '1992-06-04', 'Goleiro', 4, 0, 0, 0, 0, 0),
(209, 'Milton Raphael', '1991-06-11', 'Goleiro', 4, 0, 0, 0, 0, 0),
(210, 'Gustavo', '1982-02-19', 'Zagueiro', 4, 0, 0, 0, 0, 0),
(211, 'Alessandro', '1977-09-21', 'Lateral-direito', 4, 0, 0, 0, 0, 0),
(212, 'Antônio Carlos', '1983-06-22', 'Zagueiro', 4, 0, 0, 0, 0, 0),
(213, 'Fábio Ferreira', '1984-10-04', 'Zagueiro', 4, 0, 0, 0, 0, 0),
(214, 'Márcio Azevedo', '1986-02-05', 'Lateral-esquerdo', 4, 0, 0, 0, 0, 0),
(215, 'Lucas', '1988-03-26', 'Lateral-direito', 4, 0, 0, 0, 0, 0),
(216, 'Bruno Cortês', '1987-03-11', 'Lateral-esquerdo', 4, 0, 0, 0, 0, 0),
(217, 'Renato', '1979-05-15', 'Volante', 4, 0, 0, 0, 0, 0),
(218, 'Marcelo Mattos', '1984-02-10', 'Volante', 4, 0, 0, 0, 0, 0),
(219, 'Somália', '1984-04-10', 'Volante', 4, 0, 0, 0, 0, 0),
(220, 'Éverton', '1988-12-11', 'Meia-atacante', 4, 0, 0, 0, 0, 0),
(221, 'Felipe Menezes', '1988-01-20', 'Meia', 4, 0, 0, 0, 0, 0),
(222, 'Maicosuel', '1986-06-16', 'Meia', 4, 0, 0, 0, 0, 0),
(223, 'Elkeson', '1989-07-13', 'Meia', 4, 0, 0, 0, 0, 0),
(224, 'Bruno', '1989-03-28', 'Meia', 4, 0, 0, 0, 0, 0),
(225, 'Araruama', '1989-04-15', 'Meia', 4, 0, 0, 0, 0, 0),
(226, 'Thiago Galhardo', '1989-07-20', 'Meia', 4, 0, 0, 0, 0, 0),
(227, 'Lucas Zen', '1991-06-17', 'Volante', 4, 0, 0, 0, 0, 0),
(228, 'Fabrício', '1990-03-28', 'Meia', 4, 0, 0, 0, 0, 0),
(229, 'Cidinho', '1993-01-28', 'Meia', 4, 0, 0, 0, 0, 0),
(230, 'Léo', '1987-05-24', 'Volante', 4, 0, 0, 0, 0, 0),
(231, 'Herrera', '1983-07-19', 'Atacante', 4, 0, 0, 0, 0, 0),
(232, 'El Loco Abreu', '1976-10-17', 'Atacante', 4, 0, 0, 0, 0, 0),
(233, 'Alexandre Oliveira', '1979-01-22', 'Atacante', 4, 0, 0, 0, 0, 0),
(234, 'Alex', '1990-08-21', 'Atacante', 4, 0, 0, 0, 0, 0),
(235, 'Caio', '1990-08-09', 'Atacante', 4, 0, 0, 0, 0, 0),
(236, 'Willian', '1991-12-07', 'Atacante', 4, 0, 0, 0, 0, 0),
(237, 'Fernando Henrique', '1983-11-25', 'Goleiro', 15, 0, 0, 0, 0, 0),
(238, 'Diego', '1982-02-02', 'Goleiro', 15, 0, 0, 0, 0, 0),
(239, 'Adilson', '1974-05-28', 'Goleiro', 15, 0, 0, 0, 0, 0),
(240, 'Dionantan', '1985-02-17', 'Goleiro', 15, 0, 0, 0, 0, 0),
(241, 'Gustavo', '1994-04-11', 'Goleiro', 15, 0, 0, 0, 0, 0),
(242, 'Edmílson', '1976-07-10', 'Zagueiro', 15, 0, 0, 0, 0, 0),
(243, 'Daniel Marques', '1983-07-11', 'Zagueiro', 15, 0, 0, 0, 0, 0),
(244, 'Thiago Matias', '1982-10-17', 'Zagueiro', 15, 0, 0, 0, 0, 0),
(245, 'Vicente', '1983-04-30', 'Lateral-esquerdo', 15, 0, 0, 0, 0, 0),
(246, 'Anderson Luis', '1987-03-10', 'Zagueiro', 15, 0, 0, 0, 0, 0),
(247, 'Erivelton', '1978-04-02', 'Zagueiro', 15, 0, 0, 0, 0, 0),
(248, 'Egídio', '1986-06-16', 'Lateral-esquerdo', 15, 0, 0, 0, 0, 0),
(249, 'Boiadeiro', '1985-04-25', 'Lateral-direito', 15, 0, 0, 0, 0, 0),
(250, 'Eusébio', '1985-09-22', 'Lateral-esquerdo', 15, 0, 0, 0, 0, 0),
(251, 'Fabrício', '1980-10-08', 'Zagueiro', 15, 0, 0, 0, 0, 0),
(252, 'Diego Sacoman', '1986-12-15', 'Zagueiro', 15, 0, 0, 0, 0, 0),
(253, 'Patrick', '1983-07-19', 'Lateral-direito', 15, 0, 0, 0, 0, 0),
(254, 'Pablo', '1991-06-21', 'Zagueiro', 15, 0, 0, 0, 0, 0),
(255, 'Cleber', '1983-07-09', 'Zagueiro', 15, 0, 0, 0, 0, 0),
(256, 'Juca', '1979-11-19', 'Volante', 15, 0, 0, 0, 0, 0),
(257, 'Enrico', '1984-05-04', 'Meia-atacante', 15, 0, 0, 0, 0, 0),
(258, 'João Marcos', '1981-06-24', 'Volante', 15, 0, 0, 0, 0, 0),
(259, 'Heleno', '1978-02-23', 'Volante', 15, 0, 0, 0, 0, 0),
(260, 'Rudnei', '1984-10-07', 'Volante', 15, 0, 0, 0, 0, 0),
(261, 'Thiago Humberto', '1985-07-06', 'Meia-atacante', 15, 0, 0, 0, 0, 0),
(262, 'Leandro Chaves', '1983-10-04', 'Meia', 15, 0, 0, 0, 0, 0),
(263, 'Sérgio Mota', '1989-11-16', 'Meia', 15, 0, 0, 0, 0, 0),
(264, 'Douglas Silva', '1983-04-22', 'Volante', 15, 0, 0, 0, 0, 0),
(265, 'Careca', '1980-10-30', 'Volante', 15, 0, 0, 0, 0, 0),
(266, 'Michel', '1981-06-08', 'Volante', 15, 0, 0, 0, 0, 0),
(267, 'Luizinho', '1988-02-16', 'Meia-atacante', 15, 0, 0, 0, 0, 0),
(268, 'Giovane', '1990-04-23', 'Meia', 15, 0, 0, 0, 0, 0),
(269, 'Anderson Barreto', '1991-08-23', 'Meia', 15, 0, 0, 0, 0, 0),
(270, 'Katê', '1991-09-16', 'Meia', 15, 0, 0, 0, 0, 0),
(271, 'Washington', '1978-08-23', 'Atacante', 15, 0, 0, 0, 0, 0),
(272, 'Roger', '1985-01-07', 'Atacante', 15, 0, 0, 0, 0, 0),
(273, 'Felipe Azevedo', '1987-01-10', 'Atacante', 15, 0, 0, 0, 0, 0),
(274, 'Marcelo Nicácio', '1983-01-05', 'Atacante', 15, 0, 0, 0, 0, 0),
(275, 'Osvaldo', '1987-04-11', 'Atacante', 15, 0, 0, 0, 0, 0),
(276, 'Sinho', '1991-07-08', 'Atacante', 15, 0, 0, 0, 0, 0),
(277, 'Julio Cesar', '1984-10-27', 'Goleiro', 1, 0, 0, 0, 0, 0),
(278, 'Danilo Fernandes', '1988-04-03', 'Goleiro', 1, 0, 0, 0, 0, 0),
(279, 'Renan', '1990-12-12', 'Goleiro', 1, 0, 0, 0, 0, 0),
(280, 'Gauther', '1992-01-24', 'Goleiro', 1, 0, 0, 0, 0, 0),
(281, 'Alessandro', '1979-01-10', 'Lateral-direito', 1, 0, 0, 0, 0, 0),
(282, 'Paulo André', '1983-08-20', 'Zagueiro', 1, 0, 0, 0, 0, 0),
(283, 'Fábio Santos', '1985-09-16', 'Lateral-esquerdo', 1, 0, 0, 0, 0, 0),
(284, 'Chicão', '1981-06-03', 'Zagueiro', 1, 0, 0, 0, 0, 0),
(285, 'Leandro Castan', '1986-11-05', 'Zagueiro', 1, 0, 0, 0, 0, 0),
(286, 'Ramon', '1988-05-06', 'Lateral-esquerdo', 1, 0, 0, 0, 0, 0),
(287, 'Wallace', '1987-12-26', 'Zagueiro', 1, 0, 0, 0, 0, 0),
(288, 'André Vinicius', '1991-07-30', 'Zagueiro', 1, 0, 0, 0, 0, 0),
(289, 'Weldinho', '1991-01-16', 'Lateral-direito', 1, 0, 0, 0, 0, 0),
(290, 'Denner', '1993-11-21', 'Lateral-esquerdo', 1, 0, 0, 0, 0, 0),
(291, 'Moradei', '1986-02-08', 'Volante', 1, 0, 0, 0, 0, 0),
(292, 'Alex', '1982-03-25', 'Meia', 1, 0, 0, 0, 0, 0),
(293, 'Danilo', '1979-06-11', 'Meia', 1, 0, 0, 0, 0, 0),
(294, 'Morais', '1984-07-17', 'Meia-atacante', 1, 0, 0, 0, 0, 0),
(295, 'Bruno Octávio', '1985-08-02', 'Volante', 1, 0, 0, 0, 0, 0),
(296, 'Ralf', '1984-06-09', 'Volante', 1, 0, 0, 0, 0, 0),
(297, 'Paulinho', '1988-07-25', 'Volante', 1, 0, 0, 0, 0, 0),
(298, 'Luis Ramirez', '1984-11-10', 'Meia-atacante', 1, 0, 0, 0, 0, 0),
(299, 'Nenê Bonilha', '1992-02-17', 'Volante', 1, 0, 0, 0, 0, 0),
(300, 'Edenilson', '1989-12-18', 'Volante', 1, 0, 0, 0, 0, 0),
(301, 'Liedson', '1977-12-17', 'Atacante', 1, 0, 0, 0, 0, 0),
(302, 'Adriano', '1982-02-17', 'Atacante', 1, 0, 0, 0, 0, 0),
(303, 'Jorge Henrique', '1982-04-23', 'Atacante', 1, 0, 0, 0, 0, 0),
(304, 'Emerson', '1978-12-06', 'Atacante', 1, 0, 0, 0, 0, 0),
(305, 'Willian', '1986-11-19', 'Atacante', 1, 0, 0, 0, 0, 0),
(306, 'Taubaté', '1991-09-15', 'Atacante', 1, 0, 0, 0, 0, 0),
(307, 'Elias', '1992-05-22', 'Atacante', 1, 0, 0, 0, 0, 0),
(308, 'Édson Bastos', '1979-11-03', 'Goleiro', 9, 0, 0, 0, 0, 0),
(309, 'Vanderlei', '1984-02-01', 'Goleiro', 9, 0, 0, 0, 0, 0),
(310, 'Caio', '1990-12-22', 'Goleiro', 9, 0, 0, 0, 0, 0),
(311, 'Rafael Martins', '1991-11-29', 'Goleiro', 9, 0, 0, 0, 0, 0),
(312, 'Pereira', '1979-07-30', 'Zagueiro', 9, 0, 0, 0, 0, 0),
(313, 'Émerson', '1983-05-03', 'Zagueiro', 9, 0, 0, 0, 0, 0),
(314, 'Jonas', '1987-02-10', 'Lateral-direito', 9, 0, 0, 0, 0, 0),
(315, 'Eltinho', '1987-07-07', 'Lateral-esquerdo', 9, 0, 0, 0, 0, 0),
(316, 'Jéci', '1980-04-22', 'Zagueiro', 9, 0, 0, 0, 0, 0),
(317, 'Lucas Mendes', '1990-07-03', 'Zagueiro', 9, 0, 0, 0, 0, 0),
(318, 'Maranhão', '1985-12-25', 'Lateral-direito', 9, 0, 0, 0, 0, 0),
(319, 'Demerson', '1986-03-16', 'Zagueiro', 9, 0, 0, 0, 0, 0),
(320, 'Luccas Claro', '1991-10-20', 'Zagueiro', 9, 0, 0, 0, 0, 0),
(321, 'Tcheco', '1976-04-11', 'Meia', 9, 0, 0, 0, 0, 0),
(322, 'Davi', '1984-06-06', 'Meia-atacante', 9, 0, 0, 0, 0, 0),
(323, 'Willian Leandro', '1985-07-31', 'Meia', 9, 0, 0, 0, 0, 0),
(324, 'Rafinha', '1983-08-04', 'Meia', 9, 0, 0, 0, 0, 0),
(325, 'Everton Ribeiro', '1989-04-10', 'Meia', 9, 0, 0, 0, 0, 0),
(326, 'Léo Gago', '1983-02-17', 'Volante', 9, 0, 0, 0, 0, 0),
(327, 'Leandro Donizete', '1982-05-18', 'Volante', 9, 0, 0, 0, 0, 0),
(328, 'Willian', '1989-06-06', 'Volante', 9, 0, 0, 0, 0, 0),
(329, 'Gil', '1987-09-03', 'Volante', 9, 0, 0, 0, 0, 0),
(330, 'Geraldo', '1991-11-23', 'Meia', 9, 0, 0, 0, 0, 0),
(331, 'Djair', '1991-02-10', 'Volante', 9, 0, 0, 0, 0, 0),
(332, 'Bill', '1984-07-02', 'Atacante', 9, 0, 0, 0, 0, 0),
(333, 'Anderson Aquino', '1986-12-18', 'Atacante', 9, 0, 0, 0, 0, 0),
(334, 'Leonardo', '1982-10-26', 'Atacante', 9, 0, 0, 0, 0, 0),
(335, 'Marcos Aurélio', '1984-02-10', 'Atacante', 9, 0, 0, 0, 0, 0),
(336, 'Everton Costa', '1986-01-06', 'Atacante', 9, 0, 0, 0, 0, 0),
(337, 'Caio Vinicius', '1990-04-03', 'Atacante', 9, 0, 0, 0, 0, 0),
(338, 'Fábio', '1980-09-30', 'Goleiro', 14, 0, 0, 0, 0, 0),
(339, 'Rafael', '1989-06-23', 'Goleiro', 14, 0, 0, 0, 0, 0),
(340, 'Gabriel', '1992-09-27', 'Goleiro', 14, 0, 0, 0, 0, 0),
(341, 'Douglas Pires', '1991-01-30', 'Goleiro', 14, 0, 0, 0, 0, 0),
(342, 'Vítor', '1982-07-29', 'Lateral-direito', 14, 0, 0, 0, 0, 0),
(343, 'Léo', '1988-01-30', 'Zagueiro', 14, 0, 0, 0, 0, 0),
(344, 'Cribari', '1980-03-06', 'Zagueiro', 14, 0, 0, 0, 0, 0),
(345, 'Geovane', '1989-02-20', 'Lateral-direito', 14, 0, 0, 0, 0, 0),
(346, 'Diego Renan', '1990-01-26', 'Lateral-esquerdo', 14, 0, 0, 0, 0, 0),
(347, 'Victorino', '1982-10-11', 'Zagueiro', 14, 0, 0, 0, 0, 0),
(348, 'Naldo', '1988-08-25', 'Zagueiro', 14, 0, 0, 0, 0, 0),
(349, 'Gil Bahia', '1992-02-27', 'Lateral-direito', 14, 0, 0, 0, 0, 0),
(350, 'Gabriel Araújo', '1992-01-29', 'Lateral-esquerdo', 14, 0, 0, 0, 0, 0),
(351, 'Leandro Guerreiro', '1978-11-17', 'Volante', 14, 0, 0, 0, 0, 0),
(352, 'Roger', '1978-08-17', 'Meia', 14, 0, 0, 0, 0, 0),
(353, 'Marquinhos Paraná', '1977-07-20', 'Volante', 14, 0, 0, 0, 0, 0),
(354, 'Fabrício', '1982-07-05', 'Volante', 14, 0, 0, 0, 0, 0),
(355, 'Bruninho', '0000-00-00', 'Meia', 14, 0, 0, 0, 0, 0),
(356, 'Charles', '1985-02-14', 'Volante', 14, 0, 0, 0, 0, 0),
(357, 'Sandro Manoel', '1988-07-23', 'Volante', 14, 0, 0, 0, 0, 0),
(358, 'Everton', '1984-08-08', 'Volante', 14, 0, 0, 0, 0, 0),
(359, 'Montillo', '1984-04-14', 'Meia', 14, 0, 0, 0, 0, 0),
(360, 'Eber', '1992-03-21', 'Volante', 14, 0, 0, 0, 0, 0),
(361, 'Bobô', '1985-01-09', 'Atacante', 14, 0, 0, 0, 0, 0),
(362, 'Wellington Paulista', '1983-04-22', 'Atacante', 14, 0, 0, 0, 0, 0),
(363, 'Keirrison', '1988-12-03', 'Atacante', 14, 0, 0, 0, 0, 0),
(364, 'Farías', '1980-05-29', 'Atacante', 14, 0, 0, 0, 0, 0),
(365, 'Wallyson', '1988-10-17', 'Atacante', 14, 0, 0, 0, 0, 0),
(366, 'Ortigoza', '1987-04-01', 'Atacante', 14, 0, 0, 0, 0, 0),
(367, 'Anselmo Ramon', '1988-06-23', 'Atacante', 14, 0, 0, 0, 0, 0),
(368, 'Sebá', '1992-06-08', 'Atacante', 14, 0, 0, 0, 0, 0),
(369, 'Wilson', '1984-01-31', 'Goleiro', 10, 0, 0, 0, 0, 0),
(370, 'Ricardo', '1986-12-23', 'Goleiro', 10, 0, 0, 0, 0, 0),
(371, 'Bruno', '1985-08-30', 'Lateral-direito', 10, 0, 0, 0, 0, 0),
(372, 'João Paulo', '1984-11-17', 'Zagueiro', 10, 0, 0, 0, 0, 0),
(373, 'Edson Silva', '1986-09-09', 'Zagueiro', 10, 0, 0, 0, 0, 0),
(374, 'Pablo', '1988-08-03', 'Lateral-esquerdo', 10, 0, 0, 0, 0, 0),
(375, 'Helder', '1988-10-21', 'Lateral-esquerdo', 10, 0, 0, 0, 0, 0),
(376, 'Roger Carvalho', '1986-12-10', 'Zagueiro', 10, 0, 0, 0, 0, 0),
(377, 'Juninho', '1990-01-11', 'Lateral-esquerdo', 10, 0, 0, 0, 0, 0),
(378, 'Guti', '1991-06-29', 'Zagueiro', 10, 0, 0, 0, 0, 0),
(379, 'Jônatas', '1982-07-29', 'Volante', 10, 0, 0, 0, 0, 0),
(380, 'Maicon', '1985-09-14', 'Meia', 10, 0, 0, 0, 0, 0),
(381, 'Coutinho', '1984-03-07', 'Volante', 10, 0, 0, 0, 0, 0),
(382, 'Túlio', '1976-04-25', 'Volante', 10, 0, 0, 0, 0, 0),
(383, 'Ygor', '1984-06-01', 'Volante', 10, 0, 0, 0, 0, 0),
(384, 'Fernandes', '1978-03-03', 'Meia', 10, 0, 0, 0, 0, 0),
(385, 'Elias', '1983-09-02', 'Meia-atacante', 10, 0, 0, 0, 0, 0),
(386, 'Pittoni', '1985-08-14', 'Meia', 10, 0, 0, 0, 0, 0),
(387, 'Jackson', '1990-08-10', 'Volante', 10, 0, 0, 0, 0, 0),
(388, 'Wellington Nem', '1992-06-02', 'Meia', 10, 0, 0, 0, 0, 0),
(389, 'Somália', '1977-06-22', 'Atacante', 10, 0, 0, 0, 0, 0),
(390, 'Júlio César', '1980-02-26', 'Atacante', 10, 0, 0, 0, 0, 0),
(391, 'Aloísio', '1988-06-19', 'Atacante', 10, 0, 0, 0, 0, 0),
(392, 'Rhayner', '1990-09-05', 'Atacante', 10, 0, 0, 0, 0, 0),
(393, 'Héber', '1991-08-10', 'Atacante', 10, 0, 0, 0, 0, 0),
(394, 'William Pottker', '1993-12-22', 'Atacante', 10, 0, 0, 0, 0, 0),
(395, 'Felipe', '1984-04-22', 'Goleiro', 6, 0, 0, 0, 0, 0),
(396, 'Paulo Victor', '1987-01-12', 'Goleiro', 6, 0, 0, 0, 0, 0),
(397, 'Vinícius', '1984-11-09', 'Goleiro', 6, 0, 0, 0, 0, 0),
(398, 'Ronaldo Angelim', '1975-11-26', 'Zagueiro', 6, 0, 0, 0, 0, 0),
(399, 'Léo Moura', '1978-10-23', 'Lateral-direito', 6, 0, 0, 0, 0, 0),
(400, 'Alex Silva', '1985-03-10', 'Zagueiro', 6, 0, 0, 0, 0, 0),
(401, 'Junior Cesar', '1982-04-09', 'Lateral-esquerdo', 6, 0, 0, 0, 0, 0),
(402, 'Rodrigo Alvim', '1983-11-25', 'Lateral-esquerdo', 6, 0, 0, 0, 0, 0),
(403, 'David', '1987-05-21', 'Zagueiro', 6, 0, 0, 0, 0, 0),
(404, 'Welinton', '1989-04-10', 'Zagueiro', 6, 0, 0, 0, 0, 0),
(405, 'Gustavo', '1986-02-20', 'Zagueiro', 6, 0, 0, 0, 0, 0),
(406, 'Galhardo', '1991-10-30', 'Lateral-direito', 6, 0, 0, 0, 0, 0),
(407, 'Maldonado', '1980-01-03', 'Volante', 6, 0, 0, 0, 0, 0),
(408, 'Ronaldinho Gaúcho', '1980-03-21', 'Meia-atacante', 6, 0, 0, 0, 0, 0),
(409, 'Renato', '1978-06-09', 'Meia', 6, 0, 0, 0, 0, 0),
(410, 'Thiago Neves', '1985-02-27', 'Meia', 6, 0, 0, 0, 0, 0),
(411, 'Fernando', '1986-05-12', 'Volante', 6, 0, 0, 0, 0, 0),
(412, 'Willians', '1986-01-29', 'Volante', 6, 0, 0, 0, 0, 0),
(413, 'Fierro', '1983-03-21', 'Meia', 6, 0, 0, 0, 0, 0),
(414, 'Airton', '1990-02-21', 'Volante', 6, 0, 0, 0, 0, 0),
(415, 'Vítor Saba', '1990-07-11', 'Meia', 6, 0, 0, 0, 0, 0),
(416, 'Vander', '1990-04-17', 'Meia', 6, 0, 0, 0, 0, 0),
(417, 'Bottinelli', '1986-12-26', 'Meia', 6, 0, 0, 0, 0, 0),
(418, 'João Vitor', '0000-00-00', 'Volante', 6, 0, 0, 0, 0, 0),
(419, 'Luiz Antonio', '0000-00-00', 'Volante', 6, 0, 0, 0, 0, 0),
(420, 'Luiz Phelipe', '1983-01-21', 'Meia-atacante', 6, 0, 0, 0, 0, 0),
(421, 'Thomas', '1993-02-24', 'Meia-atacante', 6, 0, 0, 0, 0, 0),
(422, 'Deivid', '1979-10-22', 'Atacante', 6, 0, 0, 0, 0, 0),
(423, 'Jael', '1988-10-30', 'Atacante', 6, 0, 0, 0, 0, 0),
(424, 'Diego Mauricio', '1991-06-25', 'Atacante', 6, 0, 0, 0, 0, 0),
(425, 'Negueba', '0199-04-07', 'Atacante', 6, 0, 0, 0, 0, 0),
(426, 'Ricardo Berna', '1979-06-11', 'Goleiro', 5, 0, 0, 0, 0, 0),
(427, 'Diego Cavalieri', '1982-12-01', 'Goleiro', 5, 0, 0, 0, 0, 0),
(428, 'Klever', '1989-06-20', 'Goleiro', 5, 0, 0, 0, 0, 0),
(429, 'Leandro Euzébio', '1981-08-18', 'Zagueiro', 5, 0, 0, 0, 0, 0),
(430, 'Gum', '1986-01-04', 'Zagueiro', 5, 0, 0, 0, 0, 0),
(431, 'Márcio Rosário', '1983-11-21', 'Zagueiro', 5, 0, 0, 0, 0, 0),
(432, 'Carlinhos', '1987-01-23', 'Lateral-esquerdo', 5, 0, 0, 0, 0, 0),
(433, 'Mariano', '1986-06-23', 'Lateral-direito', 5, 0, 0, 0, 0, 0),
(434, 'Digão', '1988-05-07', 'Zagueiro', 5, 0, 0, 0, 0, 0),
(435, 'Marquinhos', '1983-03-22', 'Lateral-direito', 5, 0, 0, 0, 0, 0),
(436, 'Elivélton', '0000-00-00', 'Zagueiro', 5, 0, 0, 0, 0, 0),
(437, 'Wallace', '1994-05-01', 'Zagueiro', 5, 0, 0, 0, 0, 0),
(438, 'Fernando Bob', '1988-01-07', 'Volante', 5, 0, 0, 0, 0, 0),
(439, 'Souza', '1979-02-04', 'Meia', 5, 0, 0, 0, 0, 0),
(440, 'Edinho', '1983-01-15', 'Volante', 5, 0, 0, 0, 0, 0),
(441, 'Deco', '1977-08-27', 'Meia', 5, 0, 0, 0, 0, 0),
(442, 'Diguinho', '1983-03-20', 'Volante', 5, 0, 0, 0, 0, 0),
(443, 'Marquinho', '1986-07-03', 'Meia', 5, 0, 0, 0, 0, 0),
(444, 'Diogo', '1986-10-20', 'Volante', 5, 0, 0, 0, 0, 0),
(445, 'Valencia', '1985-03-29', 'Volante', 5, 0, 0, 0, 0, 0),
(446, 'Rodrigo', '1989-06-06', 'Volante', 5, 0, 0, 0, 0, 0),
(447, 'Manuel Lanzini', '1993-02-15', 'Meia', 5, 0, 0, 0, 0, 0),
(448, 'Fred', '1983-10-03', 'Atacante', 5, 0, 0, 0, 0, 0),
(449, 'Rafael Sóbis', '1985-06-17', 'Atacante', 5, 0, 0, 0, 0, 0),
(450, 'Araújo', '1977-08-08', 'Atacante', 5, 0, 0, 0, 0, 0),
(451, 'Rafael Moura', '1983-05-23', 'Atacante', 5, 0, 0, 0, 0, 0),
(452, 'Ciro', '1989-04-18', 'Atacante', 5, 0, 0, 0, 0, 0),
(453, 'Matheus Carvalho', '1992-03-11', 'Atacante', 5, 0, 0, 0, 0, 0),
(454, 'Martinuccio', '1987-12-16', 'Atacante', 5, 0, 0, 0, 0, 0),
(455, 'Marcelo Grohe', '1987-01-13', 'Goleiro', 12, 0, 0, 0, 0, 0),
(456, 'Victor', '1983-01-21', 'Goleiro', 12, 0, 0, 0, 0, 0),
(457, 'Matheus', '1989-05-05', 'Goleiro', 12, 0, 0, 0, 0, 0),
(458, 'Gabriel', '1981-06-05', 'Lateral-direito', 12, 0, 0, 0, 0, 0),
(459, 'Rafael Marques', '1983-09-21', 'Zagueiro', 12, 0, 0, 0, 0, 0),
(460, 'Lúcio', '1979-06-20', 'Lateral-esquerdo', 12, 0, 0, 0, 0, 0),
(461, 'Edcarlos', '1985-05-10', 'Zagueiro', 12, 0, 0, 0, 0, 0),
(462, 'Rodolfo', '1982-10-23', 'Zagueiro', 12, 0, 0, 0, 0, 0),
(463, 'Vilson', '1988-04-03', 'Zagueiro', 12, 0, 0, 0, 0, 0),
(464, 'Bruno Collaço', '1990-03-08', 'Lateral-esquerdo', 12, 0, 0, 0, 0, 0),
(465, 'Julio Cesar', '1982-06-15', 'Lateral-esquerdo', 12, 0, 0, 0, 0, 0),
(466, 'Saimon', '1991-03-03', 'Zagueiro', 12, 0, 0, 0, 0, 0),
(467, 'Mário Fernandes', '1990-09-19', 'Zagueiro', 12, 0, 0, 0, 0, 0),
(468, 'Spessato', '1991-07-16', 'Lateral-direito', 12, 0, 0, 0, 0, 0),
(469, 'Rodrigo Sabiá', '1992-09-03', 'Zagueiro', 12, 0, 0, 0, 0, 0),
(470, 'Gilberto Silva', '1976-10-07', 'Volante', 12, 0, 0, 0, 0, 0),
(471, 'Fábio Rochemback', '1981-12-10', 'Volante', 12, 0, 0, 0, 0, 0),
(472, 'Willian Magrão', '1987-02-11', 'Volante', 12, 0, 0, 0, 0, 0),
(473, 'Douglas', '1982-02-18', 'Meia', 12, 0, 0, 0, 0, 0),
(474, 'Adilson', '1987-01-16', 'Volante', 12, 0, 0, 0, 0, 0),
(475, 'Marquinhos', '1981-09-29', 'Meia', 12, 0, 0, 0, 0, 0),
(476, 'Mithyuê', '1989-10-16', 'Meia', 12, 0, 0, 0, 0, 0),
(477, 'Pessalli', '1990-09-24', 'Meia', 12, 0, 0, 0, 0, 0),
(478, 'Fernando', '1992-03-03', 'Volante', 12, 0, 0, 0, 0, 0),
(479, 'Escudero', '1987-04-20', 'Meia', 12, 0, 0, 0, 0, 0),
(480, 'Brandão', '1980-06-16', 'Atacante', 12, 0, 0, 0, 0, 0),
(481, 'Diego Clementino', '1984-03-18', 'Atacante', 12, 0, 0, 0, 0, 0),
(482, 'André Lima', '1985-05-03', 'Atacante', 12, 0, 0, 0, 0, 0),
(483, 'Wesley', '1990-04-24', 'Atacante', 12, 0, 0, 0, 0, 0),
(484, 'Leandro', '1993-05-12', 'Atacante', 12, 0, 0, 0, 0, 0),
(485, 'Ezequiel Miralles', '1983-06-14', 'Atacante', 12, 0, 0, 0, 0, 0),
(486, 'Lauro', '1980-09-03', 'Goleiro', 7, 0, 0, 0, 0, 0),
(487, 'Renan', '1985-01-24', 'Goleiro', 7, 0, 0, 0, 0, 0),
(488, 'Muriel', '1987-02-14', 'Goleiro', 7, 0, 0, 0, 0, 0),
(489, 'Agenor', '1989-12-11', 'Goleiro', 7, 0, 0, 0, 0, 0),
(490, 'Kléber', '1980-04-01', 'Lateral-esquerdo', 7, 0, 0, 0, 0, 0),
(491, 'Bolívar', '1980-08-16', 'Zagueiro', 7, 0, 0, 0, 0, 0),
(492, 'Rodrigo', '1980-08-27', 'Zagueiro', 7, 0, 0, 0, 0, 0),
(493, 'Índio', '1975-02-14', 'Zagueiro', 7, 0, 0, 0, 0, 0),
(494, 'Nei', '1985-12-06', 'Lateral-direito', 7, 0, 0, 0, 0, 0),
(495, 'Fabrício', '1987-01-11', 'Lateral-esquerdo', 7, 0, 0, 0, 0, 0),
(496, 'Sorondo', '1979-10-09', 'Zagueiro', 7, 0, 0, 0, 0, 0),
(497, 'Dalton', '1990-02-05', 'Zagueiro', 7, 0, 0, 0, 0, 0),
(498, 'Juan', '1991-06-10', 'Zagueiro', 7, 0, 0, 0, 0, 0),
(499, 'Rodrigo Moledo', '1987-10-27', 'Zagueiro', 7, 0, 0, 0, 0, 0),
(500, 'Tinga', '1978-01-13', 'Volante', 7, 0, 0, 0, 0, 0),
(501, 'Glaydson', '1979-06-20', 'Volante', 7, 0, 0, 0, 0, 0),
(502, 'Zé Roberto', '1980-12-09', 'Meia-atacante', 7, 0, 0, 0, 0, 0),
(503, 'D''Alessandro', '1981-04-15', 'Meia-atacante', 7, 0, 0, 0, 0, 0),
(504, 'Ilsinho', '1985-10-12', 'Meia', 7, 0, 0, 0, 0, 0),
(505, 'Bolatti', '1985-02-17', 'Volante', 7, 0, 0, 0, 0, 0),
(506, 'Sandro Silva', '1984-04-29', 'Volante', 7, 0, 0, 0, 0, 0),
(507, 'Guiñazu', '1978-08-26', 'Volante', 7, 0, 0, 0, 0, 0),
(508, 'Andrezinho', '1983-07-30', 'Meia', 7, 0, 0, 0, 0, 0),
(509, 'Oscar', '1991-09-09', 'Meia', 7, 0, 0, 0, 0, 0),
(510, 'Ricardo Goulart', '1991-06-05', 'Meia', 7, 0, 0, 0, 0, 0),
(511, 'Marquinhos', '1990-07-21', 'Meia-atacante', 7, 0, 0, 0, 0, 0),
(512, 'Wilson Matias', '1983-09-14', 'Volante', 7, 0, 0, 0, 0, 0),
(513, 'Elton', '1990-03-17', 'Volante', 7, 0, 0, 0, 0, 0),
(514, 'João Paulo', '1991-03-08', 'Meia', 7, 0, 0, 0, 0, 0),
(515, 'Zé Mário', '1992-02-20', 'Volante', 7, 0, 0, 0, 0, 0),
(516, 'Jô', '1987-03-20', 'Atacante', 7, 0, 0, 0, 0, 0),
(517, 'Leandro Damião', '1989-07-22', 'Atacante', 7, 0, 0, 0, 0, 0),
(518, 'Alex', '1990-05-20', 'Atacante', 7, 0, 0, 0, 0, 0),
(519, 'Gilberto', '1989-06-05', 'Atacante', 7, 0, 0, 0, 0, 0),
(520, 'Lucas Roggia', '1991-01-21', 'Atacante', 7, 0, 0, 0, 0, 0),
(521, 'Dellatorre', '1992-05-01', 'Atacante', 7, 0, 0, 0, 0, 0),
(522, 'Marcos', '1973-08-04', 'Goleiro', 8, 0, 0, 0, 0, 0),
(523, 'Deola', '1983-04-19', 'Goleiro', 8, 0, 0, 0, 0, 0),
(524, 'Raphael Alemão', '1988-08-17', 'Goleiro', 8, 0, 0, 0, 0, 0),
(525, 'Fabio', '1990-05-11', 'Goleiro', 8, 0, 0, 0, 0, 0),
(526, 'Thiago Heleno', '1988-09-17', 'Zagueiro', 8, 0, 0, 0, 0, 0),
(527, 'Henrique', '1986-10-14', 'Zagueiro', 8, 0, 0, 0, 0, 0),
(528, 'Maurício Ramos', '1985-04-10', 'Zagueiro', 8, 0, 0, 0, 0, 0),
(529, 'Leandro Amaro', '1986-06-19', 'Zagueiro', 8, 0, 0, 0, 0, 0),
(530, 'Cicinho', '1986-08-04', 'Lateral-direito', 8, 0, 0, 0, 0, 0),
(531, 'Gabriel Silva', '1991-05-13', 'Lateral-esquerdo', 8, 0, 0, 0, 0, 0),
(532, 'Paulo Henrique', '1989-08-11', 'Lateral-direito', 8, 0, 0, 0, 0, 0),
(533, 'Gerley', '1990-09-11', 'Lateral-esquerdo', 8, 0, 0, 0, 0, 0),
(534, 'Bruno Oliveira', '1993-01-11', 'Lateral-direito', 8, 0, 0, 0, 0, 0),
(535, 'Márcio Araújo', '1984-06-11', 'Volante', 8, 0, 0, 0, 0, 0),
(536, 'Marcos Assunção', '1976-07-25', 'Volante', 8, 0, 0, 0, 0, 0),
(537, 'Valdivia', '1983-10-19', 'Meia', 8, 0, 0, 0, 0, 0),
(538, 'Chico', '1987-02-02', 'Volante', 8, 0, 0, 0, 0, 0),
(539, 'João Vítor', '1988-06-01', 'Volante', 8, 0, 0, 0, 0, 0),
(540, 'Tinga', '1990-10-12', 'Volante', 8, 0, 0, 0, 0, 0),
(541, 'Rivaldo', '1985-08-25', 'Volante', 8, 0, 0, 0, 0, 0),
(542, 'Pedro Carmona', '1988-04-15', 'Meia', 8, 0, 0, 0, 0, 0),
(543, 'Patrik', '1990-07-19', 'Meia-atacante', 8, 0, 0, 0, 0, 0),
(544, 'Dinei', '1983-11-11', 'Atacante', 8, 0, 0, 0, 0, 0),
(545, 'Kléber', '1983-08-12', 'Atacante', 8, 0, 0, 0, 0, 0),
(546, 'Luan', '1988-09-21', 'Atacante', 8, 0, 0, 0, 0, 0),
(547, 'Maikon Leite', '1988-08-03', 'Atacante', 8, 0, 0, 0, 0, 0),
(548, 'Ricardo Bueno', '1987-08-15', 'Atacante', 8, 0, 0, 0, 0, 0),
(549, 'Fernandão', '1987-03-27', 'Atacante', 8, 0, 0, 0, 0, 0),
(550, 'Vinícius', '1993-08-03', 'Atacante', 8, 0, 0, 0, 0, 0),
(551, 'Aranha', '1980-11-17', 'Goleiro', 13, 0, 0, 0, 0, 0),
(552, 'Vladimir', '1989-07-16', 'Goleiro', 13, 0, 0, 0, 0, 0),
(553, 'Rafael', '1990-05-20', 'Goleiro', 13, 0, 0, 0, 0, 0),
(554, 'Edu Dracena', '1981-05-18', 'Zagueiro', 13, 0, 0, 0, 0, 0),
(555, 'Léo', '1975-07-06', 'Lateral-esquerdo', 13, 0, 0, 0, 0, 0),
(556, 'Durval', '1980-07-11', 'Zagueiro', 13, 0, 0, 0, 0, 0),
(557, 'Bruno Rodrigo', '1985-04-12', 'Zagueiro', 13, 0, 0, 0, 0, 0),
(558, 'Pará', '1986-02-14', 'Lateral-direito', 13, 0, 0, 0, 0, 0),
(559, 'Bruno Aguiar', '1986-03-25', 'Zagueiro', 13, 0, 0, 0, 0, 0),
(560, 'Vinícius', '1986-11-17', 'Zagueiro', 13, 0, 0, 0, 0, 0),
(561, 'Danilo', '1991-07-15', 'Lateral-direito', 13, 0, 0, 0, 0, 0),
(562, 'Eder Lima', '1986-02-05', 'Zagueiro', 13, 0, 0, 0, 0, 0),
(563, 'Crystian', '1992-06-10', 'Lateral-direito', 13, 0, 0, 0, 0, 0),
(564, 'Emerson', '1994-03-13', 'Lateral-direito', 13, 0, 0, 0, 0, 0),
(565, 'Leandro Silva', '1988-09-22', 'Lateral-direito', 13, 0, 0, 0, 0, 0),
(566, 'Arouca', '1986-08-11', 'Volante', 13, 0, 0, 0, 0, 0),
(567, 'Elano', '1981-06-14', 'Meia', 13, 0, 0, 0, 0, 0),
(568, 'Ibson', '1983-11-07', 'Meia', 13, 0, 0, 0, 0, 0),
(569, 'Henrique', '1985-05-14', 'Volante', 13, 0, 0, 0, 0, 0),
(570, 'Adriano', '1987-05-29', 'Volante', 13, 0, 0, 0, 0, 0),
(571, 'Paulo Henrique Ganso', '1989-10-12', 'Meia', 13, 0, 0, 0, 0, 0),
(572, 'Breitner', '1989-11-09', 'Meia', 13, 0, 0, 0, 0, 0),
(573, 'Rodrigo Possebon', '1989-02-13', 'Volante', 13, 0, 0, 0, 0, 0),
(574, 'Felipe Anderson', '1993-04-15', 'Meia', 13, 0, 0, 0, 0, 0),
(575, 'Anderson Carvalho', '1990-05-20', 'Volante', 13, 0, 0, 0, 0, 0),
(576, 'Borges', '1980-10-05', 'Atacante', 13, 0, 0, 0, 0, 0),
(577, 'Rentería', '1985-07-04', 'Atacante', 13, 0, 0, 0, 0, 0),
(578, 'Diogo', '1987-05-28', 'Atacante', 13, 0, 0, 0, 0, 0),
(579, 'Alan Kardec', '1989-01-12', 'Atacante', 13, 0, 0, 0, 0, 0),
(580, 'Neymar', '1992-02-05', 'Atacante', 13, 0, 0, 0, 0, 0),
(581, 'Renan Mota', '1991-10-01', 'Atacante', 13, 0, 0, 0, 0, 0),
(582, 'Tiago Alves', '1993-01-12', 'Atacante', 13, 0, 0, 0, 0, 0),
(583, 'Rogério Ceni', '1973-01-22', 'Goleiro', 3, 0, 0, 0, 0, 0),
(584, 'Denis', '1987-04-14', 'Goleiro', 3, 0, 0, 0, 0, 0),
(585, 'Leonardo', '1990-09-22', 'Goleiro', 3, 0, 0, 0, 0, 0),
(586, 'Juan', '1982-02-06', 'Lateral-esquerdo', 3, 0, 0, 0, 0, 0),
(587, 'Rhodolfo', '1986-08-11', 'Zagueiro', 3, 0, 0, 0, 0, 0),
(588, 'Xandão', '1988-02-23', 'Zagueiro', 3, 0, 0, 0, 0, 0),
(589, 'João Filipe', '1988-06-11', 'Zagueiro', 3, 0, 0, 0, 0, 0),
(590, 'Bruno Uvini', '1991-06-03', 'Zagueiro', 3, 0, 0, 0, 0, 0),
(591, 'Luiz Eduardo', '1993-04-28', 'Zagueiro', 3, 0, 0, 0, 0, 0),
(592, 'Henrique Miranda', '1993-05-10', 'Lateral-esquerdo', 3, 0, 0, 0, 0, 0),
(593, 'Iván Piris', '1989-03-10', 'Lateral-direito', 3, 0, 0, 0, 0, 0),
(594, 'Jean', '1986-06-24', 'Volante', 3, 0, 0, 0, 0, 0),
(595, 'Rivaldo', '1972-04-19', 'Meia-atacante', 3, 0, 0, 0, 0, 0),
(596, 'Cícero', '1984-08-26', 'Meia-atacante', 3, 0, 0, 0, 0, 0),
(597, 'Denílson', '1988-02-16', 'Volante', 3, 0, 0, 0, 0, 0),
(598, 'Carlinhos Paraíba', '1983-03-04', 'Meia', 3, 0, 0, 0, 0, 0),
(599, 'Marlos', '1988-06-07', 'Meia', 3, 0, 0, 0, 0, 0),
(600, 'Wellington', '1991-01-28', 'Volante', 3, 0, 0, 0, 0, 0),
(601, 'Casemiro', '1992-02-23', 'Volante', 3, 0, 0, 0, 0, 0),
(602, 'Lucas', '1992-08-13', 'Meia', 3, 0, 0, 0, 0, 0),
(603, 'Rodrigo Caio', '1993-08-17', 'Volante', 3, 0, 0, 0, 0, 0),
(604, 'Dener', '1992-03-13', 'Meia', 3, 0, 0, 0, 0, 0),
(605, 'Cañete', '1990-04-16', 'Meia', 3, 0, 0, 0, 0, 0),
(606, 'Dagoberto', '1983-03-22', 'Atacante', 3, 0, 0, 0, 0, 0),
(607, 'Luis Fabiano', '1980-11-08', 'Atacante', 3, 0, 0, 0, 0, 0),
(608, 'Fernandinho', '1985-11-25', 'Atacante', 3, 0, 0, 0, 0, 0),
(609, 'Henrique', '1991-05-27', 'Atacante', 3, 0, 0, 0, 0, 0),
(610, 'Willian José', '1991-11-23', 'Atacante', 3, 0, 0, 0, 0, 0),
(611, 'Bruno Castanhede', '1993-07-22', 'Atacante', 3, 0, 0, 0, 0, 0),
(612, 'Fernando Prass', '1978-07-09', 'Goleiro', 2, 0, 0, 0, 0, 0),
(613, 'Alessandro', '1988-03-30', 'Goleiro', 2, 0, 0, 0, 0, 0),
(614, 'Lucas', '1991-06-06', 'Goleiro', 2, 0, 0, 0, 0, 0),
(615, 'Diogo Silva', '1986-08-07', 'Goleiro', 2, 0, 0, 0, 0, 0),
(616, 'Márcio Careca', '1978-07-28', 'Lateral-esquerdo', 2, 0, 0, 0, 0, 0),
(617, 'Renato Silva', '1983-07-26', 'Zagueiro', 2, 0, 0, 0, 0, 0),
(618, 'Fagner', '1989-06-11', 'Lateral-direito', 2, 0, 0, 0, 0, 0),
(619, 'Cesinha', '1986-10-08', 'Zagueiro', 2, 0, 0, 0, 0, 0),
(620, 'Douglas', '1990-04-04', 'Zagueiro', 2, 0, 0, 0, 0, 0),
(621, 'Victor Ramos', '1989-05-05', 'Zagueiro', 2, 0, 0, 0, 0, 0),
(622, 'Dedé', '1988-07-01', 'Zagueiro', 2, 0, 0, 0, 0, 0),
(623, 'Max', '1990-04-28', 'Lateral-direito', 2, 0, 0, 0, 0, 0),
(624, 'Irrazábal', '1980-11-25', 'Lateral-direito', 2, 0, 0, 0, 0, 0),
(625, 'Julinho', '1986-08-05', 'Lateral-esquerdo', 2, 0, 0, 0, 0, 0),
(626, 'Jomar', '1992-09-08', 'Zagueiro', 2, 0, 0, 0, 0, 0),
(627, 'Eduardo Costa', '1982-09-23', 'Volante', 2, 0, 0, 0, 0, 0),
(628, 'Felipe', '1977-09-02', 'Meia', 2, 0, 0, 0, 0, 0),
(629, 'Juninho Pernambucano', '1975-01-30', 'Meia', 2, 0, 0, 0, 0, 0),
(630, 'Diego Souza', '1985-06-17', 'Meia-atacante', 2, 0, 0, 0, 0, 0),
(631, 'Nilton', '1987-04-21', 'Volante', 2, 0, 0, 0, 0, 0),
(632, 'Jumar', '1986-04-28', 'Volante', 2, 0, 0, 0, 0, 0),
(633, 'Bernardo', '1990-05-20', 'Meia', 2, 0, 0, 0, 0, 0),
(634, 'Allan', '1991-01-08', 'Meia', 2, 0, 0, 0, 0, 0),
(635, 'Rômulo', '1990-03-14', 'Volante', 2, 0, 0, 0, 0, 0),
(636, 'Fellipe Bastos', '1990-02-01', 'Volante', 2, 0, 0, 0, 0, 0),
(637, 'Leandro Chaparro', '1991-01-07', 'Meia-atacante', 2, 0, 0, 0, 0, 0),
(638, 'Leandro', '1980-08-13', 'Atacante', 2, 0, 0, 0, 0, 0),
(639, 'Kim', '1980-06-22', 'Atacante', 2, 0, 0, 0, 0, 0),
(640, 'Élton', '1985-05-01', 'Atacante', 2, 0, 0, 0, 0, 0),
(641, 'Alecsandro', '1981-02-04', 'Atacante', 2, 0, 0, 0, 0, 0),
(642, 'Éder Luis', '1985-04-19', 'Atacante', 2, 0, 0, 0, 0, 0),
(643, 'Patrick', '1987-07-26', 'Atacante', 2, 0, 0, 0, 0, 0),
(644, 'William Barbio', '1992-10-22', 'Atacante', 2, 0, 0, 0, 0, 0);

DROP TABLE IF EXISTS `partida`;
CREATE TABLE IF NOT EXISTS `partida` (
  `id` int(10) unsigned NOT NULL AUTO_INCREMENT,
  `mandante_id` int(10) unsigned NOT NULL,
  `visitante_id` int(10) unsigned NOT NULL,
  `estadio_id` int(10) unsigned NOT NULL,
  `data` datetime NOT NULL,
  `rodada` int(10) unsigned NOT NULL,
  `madante_gols` int(10) unsigned NOT NULL DEFAULT '0',
  `visitante_gols` int(10) unsigned NOT NULL DEFAULT '0',
  PRIMARY KEY (`id`),
  KEY `mandante_fk_constraint` (`mandante_id`),
  KEY `visitante_fk_constraint` (`visitante_id`),
  KEY `estadio_fk_constraint` (`estadio_id`)
) ENGINE=InnoDB  DEFAULT CHARSET=utf8 AUTO_INCREMENT=766 ;

INSERT INTO `partida` (`id`, `mandante_id`, `visitante_id`, `estadio_id`, `data`, `rodada`, `madante_gols`, `visitante_gols`) VALUES
(1, 16, 18, 8, '2011-05-21 18:30:00', 1, 0, 0),
(2, 6, 19, 21, '2011-05-21 18:30:00', 1, 0, 0),
(3, 15, 2, 22, '2011-05-21 18:30:00', 1, 0, 0),
(4, 13, 7, 12, '2011-05-21 21:00:00', 1, 0, 0),
(5, 8, 4, 23, '2011-05-22 16:00:00', 1, 0, 0),
(6, 9, 11, 4, '2011-05-22 16:00:00', 1, 0, 0),
(7, 10, 14, 3, '2011-05-22 16:00:00', 1, 0, 0),
(8, 12, 1, 16, '2011-05-22 16:00:00', 1, 0, 0),
(9, 5, 3, 24, '2011-05-22 18:30:00', 1, 0, 0),
(10, 20, 17, 8, '2011-05-22 18:30:00', 1, 0, 0),
(11, 7, 15, 13, '2011-05-28 18:30:00', 2, 0, 0),
(12, 4, 13, 14, '2011-05-28 18:30:00', 2, 0, 0),
(13, 19, 16, 6, '2011-05-28 18:30:00', 2, 0, 0),
(14, 3, 10, 20, '2011-05-28 21:00:00', 2, 0, 0),
(15, 18, 12, 15, '2011-05-29 16:00:00', 2, 0, 0),
(16, 1, 9, 25, '2011-05-29 16:00:00', 2, 0, 0),
(17, 17, 6, 2, '2011-05-29 16:00:00', 2, 0, 0),
(18, 14, 8, 8, '2011-05-29 16:00:00', 2, 0, 0),
(19, 11, 5, 26, '2011-05-29 18:30:00', 2, 0, 0),
(20, 2, 20, 24, '2011-05-29 18:30:00', 2, 0, 0),
(21, 8, 18, 27, '2011-06-04 18:30:00', 3, 0, 0),
(22, 5, 14, 14, '2011-06-04 18:30:00', 3, 0, 0),
(23, 15, 4, 22, '2011-06-04 18:30:00', 3, 0, 0),
(24, 10, 11, 3, '2011-06-04 21:00:00', 3, 0, 0),
(25, 6, 1, 14, '2011-06-05 16:00:00', 3, 0, 0),
(26, 9, 2, 4, '2011-06-05 16:00:00', 3, 0, 0),
(27, 12, 17, 16, '2011-06-05 16:00:00', 3, 0, 0),
(28, 20, 7, 28, '2011-06-05 18:30:00', 3, 0, 0),
(29, 13, 19, 12, '2011-06-05 18:30:00', 3, 0, 0),
(30, 16, 3, 8, '2011-06-08 21:50:00', 3, 0, 0),
(31, 19, 20, 6, '2011-06-11 18:30:00', 4, 0, 0),
(32, 3, 12, 20, '2011-06-11 18:30:00', 4, 0, 0),
(33, 14, 13, 8, '2011-06-11 18:30:00', 4, 0, 0),
(34, 2, 10, 24, '2011-06-11 21:00:00', 4, 0, 0),
(35, 17, 16, 2, '2011-06-12 16:00:00', 4, 0, 0),
(36, 11, 15, 26, '2011-06-12 16:00:00', 4, 0, 0),
(37, 7, 8, 13, '2011-06-12 16:00:00', 4, 0, 0),
(38, 1, 5, 11, '2011-06-12 16:00:00', 4, 0, 0),
(39, 18, 6, 15, '2011-06-12 18:30:00', 4, 0, 0),
(40, 4, 9, 14, '2011-06-12 18:30:00', 4, 0, 0),
(41, 16, 11, 29, '2011-06-18 18:30:00', 5, 0, 0),
(42, 20, 14, 8, '2011-06-18 18:30:00', 5, 0, 0),
(43, 5, 17, 14, '2011-06-18 18:30:00', 5, 0, 0),
(44, 9, 7, 4, '2011-06-18 21:00:00', 5, 0, 0),
(45, 8, 19, 11, '2011-06-19 16:00:00', 5, 0, 0),
(46, 13, 1, 12, '2011-06-19 16:00:00', 5, 0, 0),
(47, 10, 18, 3, '2011-06-19 16:00:00', 5, 0, 0),
(48, 12, 2, 16, '2011-06-19 16:00:00', 5, 0, 0),
(49, 15, 3, 22, '2011-06-19 18:30:00', 5, 0, 0),
(50, 6, 4, 14, '2011-06-19 18:30:00', 5, 0, 0),
(51, 6, 16, 14, '2011-06-25 18:30:00', 6, 0, 0),
(52, 13, 20, 11, '2011-06-25 18:30:00', 6, 0, 0),
(53, 18, 17, 15, '2011-06-25 18:30:00', 6, 0, 0),
(54, 14, 9, 8, '2011-06-25 21:00:00', 6, 0, 0),
(55, 15, 8, 22, '2011-06-26 16:00:00', 6, 0, 0),
(56, 11, 2, 26, '2011-06-26 16:00:00', 6, 0, 0),
(57, 1, 3, 11, '2011-06-26 16:00:00', 6, 0, 0),
(58, 4, 12, 14, '2011-06-26 16:00:00', 6, 0, 0),
(59, 7, 10, 13, '2011-06-26 18:30:00', 6, 0, 0),
(60, 19, 5, 6, '2011-06-26 18:30:00', 6, 0, 0),
(61, 12, 19, 16, '2011-06-29 19:30:00', 7, 0, 0),
(62, 8, 11, 11, '2011-06-29 19:30:00', 7, 0, 0),
(63, 2, 14, 24, '2011-06-29 19:30:00', 7, 0, 0),
(64, 17, 1, 2, '2011-06-29 21:50:00', 7, 0, 0),
(65, 20, 6, 8, '2011-06-29 21:50:00', 7, 0, 0),
(66, 10, 13, 3, '2011-06-29 21:50:00', 7, 0, 0),
(67, 9, 15, 4, '2011-06-30 19:30:00', 7, 0, 0),
(68, 3, 4, 20, '2011-06-30 19:30:00', 7, 0, 0),
(69, 16, 7, 8, '2011-06-30 21:00:00', 7, 0, 0),
(70, 5, 18, 14, '2011-06-30 21:00:00', 7, 0, 0),
(71, 7, 18, 13, '2011-07-06 19:30:00', 8, 0, 0),
(72, 14, 12, 8, '2011-07-06 19:30:00', 8, 0, 0),
(73, 19, 17, 6, '2011-07-06 19:30:00', 8, 0, 0),
(74, 1, 2, 11, '2011-07-06 21:50:00', 8, 0, 0),
(75, 6, 3, 14, '2011-07-06 21:50:00', 8, 0, 0),
(76, 20, 8, 29, '2011-07-06 21:50:00', 8, 0, 0),
(77, 9, 10, 4, '2011-07-07 19:30:00', 8, 0, 0),
(78, 4, 11, 14, '2011-07-07 19:30:00', 8, 0, 0),
(79, 15, 16, 22, '2011-07-07 21:00:00', 8, 0, 0),
(80, 13, 5, 12, '2011-07-07 21:00:00', 8, 0, 0),
(81, 3, 14, 20, '2011-07-09 18:30:00', 9, 0, 0),
(82, 2, 7, 24, '2011-07-09 18:30:00', 9, 0, 0),
(83, 18, 19, 15, '2011-07-09 21:00:00', 9, 0, 0),
(84, 17, 4, 2, '2011-07-10 16:00:00', 9, 0, 0),
(85, 12, 9, 16, '2011-07-10 16:00:00', 9, 0, 0),
(86, 11, 1, 26, '2011-07-10 16:00:00', 9, 0, 0),
(87, 10, 15, 3, '2011-07-10 16:00:00', 9, 0, 0),
(88, 8, 13, 11, '2011-07-10 18:30:00', 9, 0, 0),
(89, 16, 20, 8, '2011-07-10 18:30:00', 9, 0, 0),
(90, 5, 6, 14, '2011-07-10 18:30:00', 9, 0, 0),
(91, 11, 19, 26, '2011-07-16 18:30:00', 10, 0, 0),
(92, 9, 5, 4, '2011-07-16 18:30:00', 10, 0, 0),
(93, 2, 18, 24, '2011-07-16 18:30:00', 10, 0, 0),
(94, 13, 16, 11, '2011-07-16 21:00:00', 10, 0, 0),
(95, 15, 20, 22, '2011-07-17 16:00:00', 10, 0, 0),
(96, 10, 12, 3, '2011-07-17 16:00:00', 10, 0, 0),
(97, 4, 1, 29, '2011-07-17 16:00:00', 10, 0, 0),
(98, 8, 6, 11, '2011-07-17 16:00:00', 10, 0, 0),
(99, 14, 17, 8, '2011-07-17 18:30:00', 10, 0, 0),
(100, 7, 3, 13, '2011-07-17 18:30:00', 10, 0, 0),
(101, 18, 4, 15, '2011-07-23 18:30:00', 11, 0, 0),
(102, 3, 11, 20, '2011-07-23 18:30:00', 11, 0, 0),
(103, 19, 7, 6, '2011-07-23 21:00:00', 11, 0, 0),
(104, 6, 15, 29, '2011-07-23 21:00:00', 11, 0, 0),
(105, 16, 2, 8, '2011-07-24 16:00:00', 11, 0, 0),
(106, 17, 9, 2, '2011-07-24 16:00:00', 11, 0, 0),
(107, 1, 14, 11, '2011-07-24 16:00:00', 11, 0, 0),
(108, 5, 8, 29, '2011-07-24 16:00:00', 11, 0, 0),
(109, 12, 13, 16, '2011-07-24 18:30:00', 11, 0, 0),
(110, 20, 10, 29, '2011-07-24 18:30:00', 11, 0, 0),
(111, 4, 19, 14, '2011-07-27 19:30:00', 12, 0, 0),
(112, 11, 14, 26, '2011-07-27 19:30:00', 12, 0, 0),
(113, 16, 5, 8, '2011-07-27 19:30:00', 12, 0, 0),
(114, 12, 20, 16, '2011-07-27 19:30:00', 12, 0, 0),
(115, 13, 6, 12, '2011-07-27 21:50:00', 12, 0, 0),
(116, 10, 8, 3, '2011-07-27 21:50:00', 12, 0, 0),
(117, 9, 3, 4, '2011-07-27 21:50:00', 12, 0, 0),
(118, 2, 17, 24, '2011-07-28 19:30:00', 12, 0, 0),
(119, 15, 18, 22, '2011-07-28 21:00:00', 12, 0, 0),
(120, 1, 7, 11, '2011-07-28 21:00:00', 12, 0, 0),
(121, 6, 12, 14, '2011-07-30 18:30:00', 13, 0, 0),
(122, 20, 9, 29, '2011-07-30 18:30:00', 13, 0, 0),
(123, 14, 4, 8, '2011-07-30 18:30:00', 13, 0, 0),
(124, 8, 16, 11, '2011-07-30 21:00:00', 13, 0, 0),
(125, 3, 2, 20, '2011-07-31 16:00:00', 13, 0, 0),
(126, 19, 1, 6, '2011-07-31 16:00:00', 13, 0, 0),
(127, 7, 11, 13, '2011-07-31 16:00:00', 13, 0, 0),
(128, 5, 15, 14, '2011-07-31 16:00:00', 13, 0, 0),
(129, 17, 10, 2, '2011-07-31 18:30:00', 13, 0, 0),
(130, 18, 13, 15, '2011-07-31 18:30:00', 13, 0, 0),
(131, 15, 19, 22, '2011-08-03 19:30:00', 14, 0, 0),
(132, 10, 4, 3, '2011-08-03 19:30:00', 14, 0, 0),
(133, 1, 20, 11, '2011-08-03 19:30:00', 14, 0, 0),
(134, 12, 16, 16, '2011-08-03 19:30:00', 14, 0, 0),
(135, 14, 6, 8, '2011-08-03 21:50:00', 14, 0, 0),
(136, 9, 8, 4, '2011-08-03 21:50:00', 14, 0, 0),
(137, 2, 13, 24, '2011-08-03 21:50:00', 14, 0, 0),
(138, 11, 18, 26, '2011-08-04 21:00:00', 14, 0, 0),
(139, 3, 17, 20, '2011-08-04 21:00:00', 14, 0, 0),
(140, 5, 7, 14, '2011-08-04 21:00:00', 14, 0, 0),
(141, 6, 9, 14, '2011-08-06 18:30:00', 15, 0, 0),
(142, 8, 12, 11, '2011-08-06 18:30:00', 15, 0, 0),
(143, 16, 10, 8, '2011-08-06 21:00:00', 15, 0, 0),
(144, 13, 15, 11, '2011-08-07 16:00:00', 15, 0, 0),
(145, 7, 14, 13, '2011-08-07 16:00:00', 15, 0, 0),
(146, 20, 5, 8, '2011-08-07 16:00:00', 15, 0, 0),
(147, 18, 1, 15, '2011-08-07 16:00:00', 15, 0, 0),
(148, 4, 2, 14, '2011-08-07 18:30:00', 15, 0, 0),
(149, 17, 11, 2, '2011-08-07 18:30:00', 15, 0, 0),
(150, 19, 3, 6, '2011-08-07 18:30:00', 15, 0, 0),
(151, 3, 18, 20, '2011-08-13 18:30:00', 16, 0, 0),
(152, 14, 19, 8, '2011-08-13 18:30:00', 16, 0, 0),
(153, 11, 13, 26, '2011-08-13 18:30:00', 16, 0, 0),
(154, 4, 20, 14, '2011-08-13 21:00:00', 16, 0, 0),
(155, 1, 15, 11, '2011-08-14 16:00:00', 16, 0, 0),
(156, 9, 16, 4, '2011-08-14 16:00:00', 16, 0, 0),
(157, 10, 6, 3, '2011-08-14 16:00:00', 16, 0, 0),
(158, 2, 8, 24, '2011-08-14 16:00:00', 16, 0, 0),
(159, 12, 5, 16, '2011-08-14 18:30:00', 16, 0, 0),
(160, 17, 7, 2, '2011-08-14 18:30:00', 16, 0, 0),
(161, 7, 4, 13, '2011-08-17 19:30:00', 17, 0, 0),
(162, 5, 10, 14, '2011-08-17 19:30:00', 17, 0, 0),
(163, 18, 14, 15, '2011-08-17 19:30:00', 17, 0, 0),
(164, 15, 12, 22, '2011-08-17 19:30:00', 17, 0, 0),
(165, 16, 1, 8, '2011-08-17 21:50:00', 17, 0, 0),
(166, 19, 2, 6, '2011-08-17 21:50:00', 17, 0, 0),
(167, 13, 9, 12, '2011-08-17 21:50:00', 17, 0, 0),
(168, 20, 3, 8, '2011-08-18 21:00:00', 17, 0, 0),
(169, 6, 11, 14, '2011-08-18 21:00:00', 17, 0, 0),
(170, 8, 17, 11, '2011-08-18 21:00:00', 17, 0, 0),
(171, 14, 15, 8, '2011-08-20 18:30:00', 18, 0, 0),
(172, 4, 16, 14, '2011-08-20 18:30:00', 18, 0, 0),
(173, 1, 10, 11, '2011-08-20 18:30:00', 18, 0, 0),
(174, 18, 20, 8, '2011-08-21 16:00:00', 18, 0, 0),
(175, 19, 9, 6, '2011-08-21 16:00:00', 18, 0, 0),
(176, 7, 6, 13, '2011-08-21 16:00:00', 18, 0, 0),
(177, 3, 8, 20, '2011-08-21 16:00:00', 18, 0, 0),
(178, 17, 13, 2, '2011-08-21 18:30:00', 18, 0, 0),
(179, 11, 12, 26, '2011-08-21 18:30:00', 18, 0, 0),
(180, 2, 5, 14, '2011-08-21 18:30:00', 18, 0, 0),
(181, 9, 18, 4, '2011-08-27 18:30:00', 19, 0, 0),
(182, 20, 11, 8, '2011-08-27 18:30:00', 19, 0, 0),
(183, 5, 4, 14, '2011-08-27 21:00:00', 19, 0, 0),
(184, 8, 1, 11, '2011-08-28 16:00:00', 19, 0, 0),
(185, 13, 3, 12, '2011-08-28 16:00:00', 19, 0, 0),
(186, 6, 2, 14, '2011-08-28 16:00:00', 19, 0, 0),
(187, 12, 7, 16, '2011-08-28 16:00:00', 19, 0, 0),
(188, 15, 17, 22, '2011-08-28 16:00:00', 19, 0, 0),
(189, 10, 19, 3, '2011-08-28 18:30:00', 19, 0, 0),
(190, 16, 14, 8, '2011-08-28 18:30:00', 19, 0, 0),
(191, 11, 9, 26, '2011-08-31 00:00:00', 20, 0, 0),
(192, 17, 20, 2, '2011-08-31 00:00:00', 20, 0, 0),
(193, 19, 6, 6, '2011-08-31 00:00:00', 20, 0, 0),
(194, 14, 10, 8, '2011-08-31 00:00:00', 20, 0, 0),
(195, 7, 13, 13, '2011-08-31 00:00:00', 20, 0, 0),
(196, 4, 8, 14, '2011-08-31 00:00:00', 20, 0, 0),
(197, 18, 16, 15, '2011-08-31 00:00:00', 20, 0, 0),
(198, 3, 5, 20, '2011-08-31 00:00:00', 20, 0, 0),
(199, 1, 12, 11, '2011-08-31 00:00:00', 20, 0, 0),
(200, 2, 15, 24, '2011-08-31 00:00:00', 20, 0, 0),
(201, 12, 18, 16, '2011-09-04 00:00:00', 21, 0, 0),
(202, 6, 17, 14, '2011-09-04 00:00:00', 21, 0, 0),
(203, 13, 4, 12, '2011-09-04 00:00:00', 21, 0, 0),
(204, 16, 19, 8, '2011-09-04 00:00:00', 21, 0, 0),
(205, 8, 14, 11, '2011-09-04 00:00:00', 21, 0, 0),
(206, 10, 3, 3, '2011-09-04 00:00:00', 21, 0, 0),
(207, 9, 1, 4, '2011-09-04 00:00:00', 21, 0, 0),
(208, 20, 2, 8, '2011-09-04 00:00:00', 21, 0, 0),
(209, 15, 7, 22, '2011-09-04 00:00:00', 21, 0, 0),
(210, 5, 11, 14, '2011-09-04 00:00:00', 21, 0, 0),
(211, 1, 6, 11, '2011-09-07 00:00:00', 22, 0, 0),
(212, 4, 15, 14, '2011-09-07 00:00:00', 22, 0, 0),
(213, 3, 16, 20, '2011-09-07 00:00:00', 22, 0, 0),
(214, 2, 9, 24, '2011-09-07 00:00:00', 22, 0, 0),
(215, 7, 20, 13, '2011-09-07 00:00:00', 22, 0, 0),
(216, 14, 5, 8, '2011-09-07 00:00:00', 22, 0, 0),
(217, 19, 13, 6, '2011-09-07 00:00:00', 22, 0, 0),
(218, 18, 8, 15, '2011-09-07 00:00:00', 22, 0, 0),
(219, 11, 10, 26, '2011-09-07 00:00:00', 22, 0, 0),
(220, 17, 12, 2, '2011-09-07 00:00:00', 22, 0, 0),
(221, 8, 7, 11, '2011-09-11 00:00:00', 23, 0, 0),
(222, 13, 14, 12, '2011-09-11 00:00:00', 23, 0, 0),
(223, 6, 18, 30, '2011-09-11 00:00:00', 23, 0, 0),
(224, 12, 3, 16, '2011-09-11 00:00:00', 23, 0, 0),
(225, 16, 17, 8, '2011-09-11 00:00:00', 23, 0, 0),
(226, 20, 19, 8, '2011-09-11 00:00:00', 23, 0, 0),
(227, 5, 1, 14, '2011-09-11 00:00:00', 23, 0, 0),
(228, 10, 2, 3, '2011-09-11 00:00:00', 23, 0, 0),
(229, 9, 4, 4, '2011-09-11 00:00:00', 23, 0, 0),
(230, 15, 11, 22, '2011-09-11 00:00:00', 23, 0, 0),
(231, 19, 8, 6, '2011-09-18 00:00:00', 24, 0, 0),
(232, 18, 10, 15, '2011-09-18 00:00:00', 24, 0, 0),
(233, 11, 16, 26, '2011-09-18 00:00:00', 24, 0, 0),
(234, 17, 5, 2, '2011-09-18 00:00:00', 24, 0, 0),
(235, 14, 20, 8, '2011-09-18 00:00:00', 24, 0, 0),
(236, 7, 9, 13, '2011-09-18 00:00:00', 24, 0, 0),
(237, 4, 6, 14, '2011-09-18 00:00:00', 24, 0, 0),
(238, 2, 12, 24, '2011-09-18 00:00:00', 24, 0, 0),
(239, 3, 15, 20, '2011-09-18 00:00:00', 24, 0, 0),
(240, 1, 13, 11, '2011-09-18 00:00:00', 24, 0, 0),
(241, 8, 15, 11, '2011-09-21 00:00:00', 25, 0, 0),
(242, 3, 1, 20, '2011-09-21 00:00:00', 25, 0, 0),
(243, 2, 11, 24, '2011-09-21 00:00:00', 25, 0, 0),
(244, 12, 4, 16, '2011-09-21 00:00:00', 25, 0, 0),
(245, 16, 6, 8, '2011-09-21 00:00:00', 25, 0, 0),
(246, 9, 14, 4, '2011-09-21 00:00:00', 25, 0, 0),
(247, 10, 7, 3, '2011-09-21 00:00:00', 25, 0, 0),
(248, 20, 13, 8, '2011-09-21 00:00:00', 25, 0, 0),
(249, 17, 18, 2, '2011-09-21 00:00:00', 25, 0, 0),
(250, 5, 19, 14, '2011-09-21 00:00:00', 25, 0, 0),
(251, 4, 3, 14, '2011-09-25 00:00:00', 26, 0, 0),
(252, 7, 16, 13, '2011-09-25 00:00:00', 26, 0, 0),
(253, 14, 2, 8, '2011-09-25 00:00:00', 26, 0, 0),
(254, 19, 12, 6, '2011-09-25 00:00:00', 26, 0, 0),
(255, 11, 8, 26, '2011-09-25 00:00:00', 26, 0, 0),
(256, 15, 9, 22, '2011-09-25 00:00:00', 26, 0, 0),
(257, 13, 10, 12, '2011-09-25 00:00:00', 26, 0, 0),
(258, 1, 17, 11, '2011-09-25 00:00:00', 26, 0, 0),
(259, 18, 5, 15, '2011-09-25 00:00:00', 26, 0, 0),
(260, 6, 20, 14, '2011-09-25 00:00:00', 26, 0, 0),
(261, 5, 13, 14, '2011-10-02 00:00:00', 27, 0, 0),
(262, 3, 6, 20, '2011-10-02 00:00:00', 27, 0, 0),
(263, 17, 19, 2, '2011-10-02 00:00:00', 27, 0, 0),
(264, 11, 4, 26, '2011-10-02 00:00:00', 27, 0, 0),
(265, 18, 7, 8, '2011-10-02 00:00:00', 27, 0, 0),
(266, 10, 9, 3, '2011-10-02 00:00:00', 27, 0, 0),
(267, 16, 15, 8, '2011-10-02 00:00:00', 27, 0, 0),
(268, 12, 14, 16, '2011-10-02 00:00:00', 27, 0, 0),
(269, 2, 1, 24, '2011-10-02 00:00:00', 27, 0, 0),
(270, 8, 20, 11, '2011-10-02 00:00:00', 27, 0, 0),
(271, 20, 16, 8, '2011-10-09 00:00:00', 28, 0, 0),
(272, 9, 12, 4, '2011-10-09 00:00:00', 28, 0, 0),
(273, 19, 18, 6, '2011-10-09 00:00:00', 28, 0, 0),
(274, 14, 3, 8, '2011-10-09 00:00:00', 28, 0, 0),
(275, 7, 2, 13, '2011-10-09 00:00:00', 28, 0, 0),
(276, 15, 10, 22, '2011-10-09 00:00:00', 28, 0, 0),
(277, 4, 17, 14, '2011-10-09 00:00:00', 28, 0, 0),
(278, 6, 5, 14, '2011-10-09 00:00:00', 28, 0, 0),
(279, 13, 8, 12, '2011-10-09 00:00:00', 28, 0, 0),
(280, 1, 11, 11, '2011-10-09 00:00:00', 28, 0, 0),
(281, 16, 13, 8, '2011-10-12 00:00:00', 29, 0, 0),
(282, 3, 7, 20, '2011-10-12 00:00:00', 29, 0, 0),
(283, 12, 10, 16, '2011-10-12 00:00:00', 29, 0, 0),
(284, 6, 8, 14, '2011-10-12 00:00:00', 29, 0, 0),
(285, 1, 4, 11, '2011-10-12 00:00:00', 29, 0, 0),
(286, 20, 15, 8, '2011-10-12 00:00:00', 29, 0, 0),
(287, 17, 14, 2, '2011-10-12 00:00:00', 29, 0, 0),
(288, 5, 9, 14, '2011-10-12 00:00:00', 29, 0, 0),
(289, 18, 2, 15, '2011-10-12 00:00:00', 29, 0, 0),
(290, 19, 11, 6, '2011-10-12 00:00:00', 29, 0, 0),
(291, 2, 16, 24, '2011-10-16 00:00:00', 30, 0, 0),
(292, 13, 12, 12, '2011-10-16 00:00:00', 30, 0, 0),
(293, 8, 5, 11, '2011-10-16 00:00:00', 30, 0, 0),
(294, 4, 18, 14, '2011-10-16 00:00:00', 30, 0, 0),
(295, 7, 19, 13, '2011-10-16 00:00:00', 30, 0, 0),
(296, 14, 1, 8, '2011-10-16 00:00:00', 30, 0, 0),
(297, 10, 20, 3, '2011-10-16 00:00:00', 30, 0, 0),
(298, 11, 3, 26, '2011-10-16 00:00:00', 30, 0, 0),
(299, 15, 6, 22, '2011-10-16 00:00:00', 30, 0, 0),
(300, 9, 17, 4, '2011-10-16 00:00:00', 30, 0, 0),
(301, 18, 15, 15, '2011-10-23 00:00:00', 31, 0, 0),
(302, 17, 2, 2, '2011-10-23 00:00:00', 31, 0, 0),
(303, 20, 12, 8, '2011-10-23 00:00:00', 31, 0, 0),
(304, 19, 4, 6, '2011-10-23 00:00:00', 31, 0, 0),
(305, 14, 11, 8, '2011-10-23 00:00:00', 31, 0, 0),
(306, 7, 1, 13, '2011-10-23 00:00:00', 31, 0, 0),
(307, 5, 16, 14, '2011-10-23 00:00:00', 31, 0, 0),
(308, 6, 13, 14, '2011-10-23 00:00:00', 31, 0, 0),
(309, 3, 9, 20, '2011-10-23 00:00:00', 31, 0, 0),
(310, 8, 10, 11, '2011-10-23 00:00:00', 31, 0, 0),
(311, 10, 17, 3, '2011-10-30 00:00:00', 32, 0, 0),
(312, 11, 7, 26, '2011-10-30 00:00:00', 32, 0, 0),
(313, 13, 18, 12, '2011-10-30 00:00:00', 32, 0, 0),
(314, 12, 6, 16, '2011-10-30 00:00:00', 32, 0, 0),
(315, 4, 14, 14, '2011-10-30 00:00:00', 32, 0, 0),
(316, 2, 3, 24, '2011-10-30 00:00:00', 32, 0, 0),
(317, 9, 20, 4, '2011-10-30 00:00:00', 32, 0, 0),
(318, 15, 5, 22, '2011-10-30 00:00:00', 32, 0, 0),
(319, 1, 19, 11, '2011-10-30 00:00:00', 32, 0, 0),
(320, 16, 8, 8, '2011-10-30 00:00:00', 32, 0, 0),
(321, 6, 14, 14, '2011-11-06 00:00:00', 33, 0, 0),
(322, 17, 3, 2, '2011-11-06 00:00:00', 33, 0, 0),
(323, 16, 12, 8, '2011-11-06 00:00:00', 33, 0, 0),
(324, 20, 1, 8, '2011-11-06 00:00:00', 33, 0, 0),
(325, 19, 15, 6, '2011-11-06 00:00:00', 33, 0, 0),
(326, 8, 9, 11, '2011-11-06 00:00:00', 33, 0, 0),
(327, 13, 2, 12, '2011-11-06 00:00:00', 33, 0, 0),
(328, 7, 5, 13, '2011-11-06 00:00:00', 33, 0, 0),
(329, 4, 10, 14, '2011-11-06 00:00:00', 33, 0, 0),
(330, 18, 11, 8, '2011-11-06 00:00:00', 33, 0, 0),
(331, 1, 18, 11, '2011-11-13 00:00:00', 34, 0, 0),
(332, 10, 16, 3, '2011-11-13 00:00:00', 34, 0, 0),
(333, 5, 20, 14, '2011-11-13 00:00:00', 34, 0, 0),
(334, 12, 8, 16, '2011-11-13 00:00:00', 34, 0, 0),
(335, 9, 6, 4, '2011-11-13 00:00:00', 34, 0, 0),
(336, 11, 17, 26, '2011-11-13 00:00:00', 34, 0, 0),
(337, 14, 7, 8, '2011-11-13 00:00:00', 34, 0, 0),
(338, 2, 4, 14, '2011-11-13 00:00:00', 34, 0, 0),
(339, 3, 19, 20, '2011-11-13 00:00:00', 34, 0, 0),
(340, 15, 13, 22, '2011-11-13 00:00:00', 34, 0, 0),
(341, 13, 11, 12, '2011-11-16 00:00:00', 35, 0, 0),
(342, 15, 1, 22, '2011-11-16 00:00:00', 35, 0, 0),
(343, 20, 4, 8, '2011-11-16 00:00:00', 35, 0, 0),
(344, 18, 3, 15, '2011-11-16 00:00:00', 35, 0, 0),
(345, 16, 9, 8, '2011-11-16 00:00:00', 35, 0, 0),
(346, 7, 17, 13, '2011-11-16 00:00:00', 35, 0, 0),
(347, 5, 12, 14, '2011-11-16 00:00:00', 35, 0, 0),
(348, 6, 10, 14, '2011-11-16 00:00:00', 35, 0, 0),
(349, 19, 14, 6, '2011-11-16 00:00:00', 35, 0, 0),
(350, 8, 2, 11, '2011-11-16 00:00:00', 35, 0, 0),
(351, 12, 15, 16, '2011-11-20 00:00:00', 36, 0, 0),
(352, 2, 19, 24, '2011-11-20 00:00:00', 36, 0, 0),
(353, 3, 20, 20, '2011-11-20 00:00:00', 36, 0, 0),
(354, 4, 7, 14, '2011-11-20 00:00:00', 36, 0, 0),
(355, 14, 18, 8, '2011-11-20 00:00:00', 36, 0, 0),
(356, 10, 5, 3, '2011-11-20 00:00:00', 36, 0, 0),
(357, 11, 6, 26, '2011-11-20 00:00:00', 36, 0, 0),
(358, 17, 8, 2, '2011-11-20 00:00:00', 36, 0, 0),
(359, 1, 16, 11, '2011-11-20 00:00:00', 36, 0, 0),
(360, 9, 13, 4, '2011-11-20 00:00:00', 36, 0, 0),
(361, 20, 18, 8, '2011-11-27 00:00:00', 37, 0, 0),
(362, 15, 14, 22, '2011-11-27 00:00:00', 37, 0, 0),
(363, 9, 19, 4, '2011-11-27 00:00:00', 37, 0, 0),
(364, 13, 17, 12, '2011-11-27 00:00:00', 37, 0, 0),
(365, 5, 2, 29, '2011-11-27 00:00:00', 37, 0, 0),
(366, 6, 7, 29, '2011-11-27 00:00:00', 37, 0, 0),
(367, 12, 11, 16, '2011-11-27 00:00:00', 37, 0, 0),
(368, 16, 4, 8, '2011-11-27 00:00:00', 37, 0, 0),
(369, 10, 1, 3, '2011-11-27 00:00:00', 37, 0, 0),
(370, 8, 3, 11, '2011-11-27 00:00:00', 37, 0, 0),
(371, 2, 6, 29, '2011-12-04 00:00:00', 38, 0, 0),
(372, 14, 16, 8, '2011-12-04 00:00:00', 38, 0, 0),
(373, 19, 10, 6, '2011-12-04 00:00:00', 38, 0, 0),
(374, 17, 15, 2, '2011-12-04 00:00:00', 38, 0, 0),
(375, 18, 9, 15, '2011-12-04 00:00:00', 38, 0, 0),
(376, 11, 20, 26, '2011-12-04 00:00:00', 38, 0, 0),
(377, 1, 8, 29, '2011-12-04 00:00:00', 38, 0, 0),
(378, 7, 12, 13, '2011-12-04 00:00:00', 38, 0, 0),
(379, 4, 5, 29, '2011-12-04 00:00:00', 38, 0, 0),
(380, 3, 13, 29, '2011-12-04 00:00:00', 38, 0, 0),
(381, 20, 17, 29, '2011-10-02 00:00:00', 0, 0, 0),
(765, 2, 19, 29, '2011-10-09 00:00:00', 199, 0, 0);

DROP TABLE IF EXISTS `partida_tmp`;
CREATE TABLE IF NOT EXISTS `partida_tmp` (
  `id` int(10) unsigned NOT NULL,
  `mandante_id` int(10) unsigned NOT NULL,
  `visitante_id` int(10) unsigned NOT NULL,
  `estadio_id` int(10) unsigned NOT NULL,
  `data` datetime NOT NULL,
  `rodada` int(10) unsigned NOT NULL,
  `madante_gols` int(10) unsigned NOT NULL DEFAULT '0',
  `visitante_gols` int(10) unsigned NOT NULL DEFAULT '0',
  PRIMARY KEY (`id`)
) ENGINE=MEMORY DEFAULT CHARSET=utf8;

DROP TABLE IF EXISTS `tb_usuarios`;
CREATE TABLE IF NOT EXISTS `tb_usuarios` (
  `ID_USUARIO` smallint(6) NOT NULL AUTO_INCREMENT,
  `NOME_USUARIO` varchar(50) NOT NULL,
  `USUARIO` varchar(30) NOT NULL,
  `SENHA` varchar(32) NOT NULL,
  PRIMARY KEY (`ID_USUARIO`)
) ENGINE=InnoDB  DEFAULT CHARSET=utf8 AUTO_INCREMENT=3 ;

INSERT INTO `tb_usuarios` (`ID_USUARIO`, `NOME_USUARIO`, `USUARIO`, `SENHA`) VALUES
(1, 'Isac Sandin Ribeiro', 'isac', '698dc19d489c4e4db73e28a713eab07b'),
(2, 'Luiz Carlos de Paula Oliveira', 'luizcpo', '698dc19d489c4e4db73e28a713eab07b');

DROP TABLE IF EXISTS `tecnico`;
CREATE TABLE IF NOT EXISTS `tecnico` (
  `id` int(10) unsigned NOT NULL AUTO_INCREMENT,
  `nome` varchar(80) NOT NULL,
  `cartoes_amarelos` int(10) unsigned NOT NULL DEFAULT '0',
  `cartoes_vermelhos` int(10) unsigned NOT NULL DEFAULT '0',
  PRIMARY KEY (`id`)
) ENGINE=InnoDB  DEFAULT CHARSET=utf8 AUTO_INCREMENT=21 ;

INSERT INTO `tecnico` (`id`, `nome`, `cartoes_amarelos`, `cartoes_vermelhos`) VALUES
(1, 'Givanildo Oliveira', 0, 0),
(2, 'Cuca', 0, 0),
(3, 'Antônio Lopes', 0, 0),
(4, 'Hélio dos Anjos', 0, 0),
(5, 'Toninho Cecílio', 0, 0),
(6, 'Joel Natalino Santana', 0, 0),
(7, 'Caio Junior', 0, 0),
(8, 'Estevam Soares', 0, 0),
(9, 'Tite', 0, 0),
(10, 'Marcelo de Oliveira Santos', 0, 0),
(11, 'Vágner Mancini', 0, 0),
(12, 'Jorge de Amorim Campos', 0, 0),
(13, 'Vanderlei Luxemburgo da Silva', 0, 0),
(14, 'Abel Carlos da Silva Braga', 0, 0),
(15, 'Celso Roth', 0, 0),
(16, 'Dorival Júnior', 0, 0),
(17, 'Luiz Felipe Scolari', 0, 0),
(18, 'Muricy Ramalho', 0, 0),
(19, 'Adilson Batista', 0, 0),
(20, 'Ricardo Gomes', 0, 0);

DROP TABLE IF EXISTS `time`;
CREATE TABLE IF NOT EXISTS `time` (
  `id` int(10) unsigned NOT NULL AUTO_INCREMENT,
  `nome` varchar(80) NOT NULL,
  `sigla` varchar(3) NOT NULL,
  `estado` varchar(80) NOT NULL,
  `brasao` varchar(255) NOT NULL,
  `gols_pro` int(10) unsigned NOT NULL DEFAULT '0',
  `gols_contra` int(10) unsigned NOT NULL DEFAULT '0',
  `total_faltas` int(10) unsigned NOT NULL DEFAULT '0',
  `tecnico_id` int(10) unsigned NOT NULL DEFAULT '1',
  `vitorias` int(10) unsigned NOT NULL DEFAULT '0',
  `derrotas` int(10) unsigned NOT NULL DEFAULT '0',
  `empates` int(10) unsigned NOT NULL DEFAULT '0',
  PRIMARY KEY (`id`),
  KEY `tecnico_id_fk_constraint` (`tecnico_id`)
) ENGINE=InnoDB  DEFAULT CHARSET=utf8 AUTO_INCREMENT=21 ;

INSERT INTO `time` (`id`, `nome`, `sigla`, `estado`, `brasao`, `gols_pro`, `gols_contra`, `total_faltas`, `tecnico_id`, `vitorias`, `derrotas`, `empates`) VALUES
(1, 'Corinthians', 'COR', 'SP', 'corinthians_45x45.png', 0, 0, 0, 1, 0, 0, 0),
(2, 'Vasco', 'VAS', 'RJ', 'vasco_45x45.png', 0, 0, 0, 2, 0, 0, 0),
(3, 'São Paulo', 'SPO', 'SP', 'sao_paulo_45x45.png', 0, 0, 0, 3, 0, 0, 0),
(4, 'Botafogo', 'BOT', 'RJ', 'botafogo_45x45.png', 0, 0, 0, 4, 0, 0, 0),
(5, 'Fluminense', 'FLU', 'RJ', 'fluminense_45x45.png', 0, 0, 0, 5, 0, 0, 0),
(6, 'Flamengo', 'FLA', 'RJ', 'flamengo_45x45.png', 0, 0, 0, 6, 0, 0, 0),
(7, 'Internacional', 'INT', 'RS', 'internacional_45x45.png', 0, 0, 0, 7, 0, 0, 0),
(8, 'Palmeiras', 'PAL', 'SP', 'palmeiras_45x45.png', 0, 0, 0, 8, 0, 0, 0),
(9, 'Coritiba', 'CTB', 'PR', 'coritiba_45x45.png', 0, 0, 0, 9, 0, 0, 0),
(10, 'Figueirense', 'FIG', 'SC', 'figueirense_45x45.png', 0, 0, 0, 10, 0, 0, 0),
(11, 'Atlético', 'ATG', 'GO', 'atl_go_45x45.png', 0, 0, 0, 11, 0, 0, 0),
(12, 'Grêmio', 'GRE', 'RS', 'gremio_45x45.png', 0, 0, 0, 12, 0, 0, 0),
(13, 'Santos', 'SAN', 'SP', 'santos_45x45.png', 0, 0, 0, 13, 0, 0, 0),
(14, 'Cruzeiro', 'CRU', 'MG', 'cruzeiro_45x45.png', 0, 0, 0, 14, 0, 0, 0),
(15, 'Ceará', 'CEA', 'CE', 'ceara_45x45.png', 0, 0, 0, 15, 0, 0, 0),
(16, 'Atlético', 'CAM', 'MG', 'atl_mg_45x45.png', 0, 0, 0, 16, 0, 0, 0),
(17, 'Bahia', 'BAH', 'BA', 'bahia_45x45.png', 0, 0, 0, 17, 0, 0, 0),
(18, 'Atlético', 'CAP', 'PR', 'atl_pr_45x45.png', 0, 0, 0, 18, 0, 0, 0),
(19, 'Avaí', 'AVA', 'SC', 'avai_45x45.png', 0, 0, 0, 19, 0, 0, 0),
(20, 'América', 'AMG', 'MG', 'america-mg_45x45.png', 0, 0, 0, 20, 0, 0, 0);


ALTER TABLE `cartao`
  ADD CONSTRAINT `cartao_jogador_fk_constraint` FOREIGN KEY (`jogador_id`) REFERENCES `jogador` (`id`) ON UPDATE CASCADE,
  ADD CONSTRAINT `cartao_partida_fk_constraint` FOREIGN KEY (`partida_id`) REFERENCES `partida` (`id`) ON UPDATE CASCADE;

ALTER TABLE `falta`
  ADD CONSTRAINT `jogador_fk_constraint` FOREIGN KEY (`jogador_id`) REFERENCES `jogador` (`id`) ON UPDATE CASCADE,
  ADD CONSTRAINT `partida_id_fk_constraint` FOREIGN KEY (`partida_id`) REFERENCES `partida` (`id`) ON UPDATE CASCADE;

ALTER TABLE `gol`
  ADD CONSTRAINT `gol_jogador_fk_constraint` FOREIGN KEY (`jogador_id`) REFERENCES `jogador` (`id`) ON UPDATE CASCADE,
  ADD CONSTRAINT `gol_partida_fk_constraint` FOREIGN KEY (`partida_id`) REFERENCES `partida` (`id`) ON UPDATE CASCADE;

ALTER TABLE `jogador`
  ADD CONSTRAINT `jogador_time_fk_constraint` FOREIGN KEY (`time_id`) REFERENCES `time` (`id`) ON UPDATE CASCADE;

ALTER TABLE `partida`
  ADD CONSTRAINT `estadio_fk_constraint` FOREIGN KEY (`estadio_id`) REFERENCES `estadio` (`id`) ON UPDATE CASCADE,
  ADD CONSTRAINT `mandante_fk_constraint` FOREIGN KEY (`mandante_id`) REFERENCES `time` (`id`) ON UPDATE CASCADE,
  ADD CONSTRAINT `visitante_fk_constraint` FOREIGN KEY (`visitante_id`) REFERENCES `time` (`id`) ON UPDATE CASCADE;

ALTER TABLE `time`
  ADD CONSTRAINT `tecnico_id_fk_constraint` FOREIGN KEY (`tecnico_id`) REFERENCES `tecnico` (`id`) ON UPDATE CASCADE;

/*!40101 SET CHARACTER_SET_CLIENT=@OLD_CHARACTER_SET_CLIENT */;
/*!40101 SET CHARACTER_SET_RESULTS=@OLD_CHARACTER_SET_RESULTS */;
/*!40101 SET COLLATION_CONNECTION=@OLD_COLLATION_CONNECTION */;
